日期,西元日期,市場,股票代號,股票名稱,收盤價,漲跌,開盤價,最高價,最低價,成交股數,成交金額,成交筆數,資料來源,下載時間
1150702,2026-07-02,上市,00400A,主動國泰動能高息,15.17,0.0900,14.86,15.18,14.73,48526660,728239778,8271,TWSE_CSV,2026-07-02 16:14:07 +0800
1150702,2026-07-02,上市,00401A,主動摩根台灣鑫收,13.78,0.0900,13.50,13.79,13.45,2381245,32604744,539,TWSE_CSV,2026-07-02 16:14:07 +0800
1150702,2026-07-02,上市,00402A,主動安聯美國科技,9.96,-0.0900,9.98,9.98,9.91,6692772,66575242,1797,TWSE_CSV,2026-07-02 16:14:07 +0800
1150702,2026-07-02,上市,00403A,主動統一升級50,11.14,-0.0100,10.91,11.14,10.81,197108010,2169363617,33851,TWSE_CSV,2026-07-02 16:14:07 +0800
1150702,2026-07-02,上市,00404A,主動聯博動能50,10.25,0.0000,10.07,10.26,10.01,10288007,104471000,1220,TWSE_CSV,2026-07-02 16:14:07 +0800
1150702,2026-07-02,上市,00405A,主動富邦台灣龍耀,9.45,0.0600,9.18,9.48,9.15,72588860,679563508,9807,TWSE_CSV,2026-07-02 16:14:07 +0800
1150702,2026-07-02,上市,00406A,主動中信台灣收益,10.41,-0.0100,10.24,10.42,10.17,18744323,193709927,2484,TWSE_CSV,2026-07-02 16:14:07 +0800
1150702,2026-07-02,上市,00407A,主動凱基台灣,10.01,0.0600,9.74,10.01,9.73,86936255,862392404,13306,TWSE_CSV,2026-07-02 16:14:07 +0800
1150702,2026-07-02,上市,0050,元大台灣50,108.80,-0.5500,107.20,108.95,106.90,73421155,7929812970,108165,TWSE_CSV,2026-07-02 16:14:07 +0800
1150702,2026-07-02,上市,0051,元大中型100,148.35,0.5500,145.40,148.35,145.40,56867,8395878,589,TWSE_CSV,2026-07-02 16:14:07 +0800
1150702,2026-07-02,上市,0052,富邦科技,64.10,-0.3000,63.00,64.20,62.95,26902473,1711741422,16920,TWSE_CSV,2026-07-02 16:14:07 +0800
1150702,2026-07-02,上市,0053,元大電子,248.50,-1.5000,247.00,248.50,246.30,29161,7228166,2155,TWSE_CSV,2026-07-02 16:14:07 +0800
1150702,2026-07-02,上市,0055,元大MSCI金融,41.18,-0.5100,41.50,41.76,40.93,583718,24054870,909,TWSE_CSV,2026-07-02 16:14:07 +0800
1150702,2026-07-02,上市,0056,元大高股息,52.60,-0.1500,51.85,52.65,51.75,57875127,3025946721,48771,TWSE_CSV,2026-07-02 16:14:07 +0800
1150702,2026-07-02,上市,0057,富邦摩台,321.65,-2.8500,318.50,321.70,318.50,43266,13801078,285,TWSE_CSV,2026-07-02 16:14:07 +0800
1150702,2026-07-02,上市,0061,元大寶滬深,25.03,-0.8400,25.87,25.87,25.03,287089,7236038,244,TWSE_CSV,2026-07-02 16:14:07 +0800
1150702,2026-07-02,上市,006203,元大MSCI台灣,198.60,-0.5500,197.30,199.05,196.15,32036,6336035,111,TWSE_CSV,2026-07-02 16:14:07 +0800
1150702,2026-07-02,上市,006204,永豐臺灣加權,232.20,-3.4500,232.20,233.40,232.20,14464,3359977,105,TWSE_CSV,2026-07-02 16:14:07 +0800
1150702,2026-07-02,上市,006205,富邦上証,41.28,-0.8300,42.11,42.11,41.28,673601,27968191,197,TWSE_CSV,2026-07-02 16:14:07 +0800
1150702,2026-07-02,上市,006206,元大上證50,37.35,-0.7900,37.88,38.01,37.35,17272,648705,83,TWSE_CSV,2026-07-02 16:14:07 +0800
1150702,2026-07-02,上市,006207,復華滬深,33.63,-0.8100,34.22,34.22,33.48,404862,13631302,184,TWSE_CSV,2026-07-02 16:14:07 +0800
1150702,2026-07-02,上市,006208,富邦台50,252.30,-1.3500,249.00,252.45,248.00,3146588,788238278,14952,TWSE_CSV,2026-07-02 16:14:07 +0800
1150702,2026-07-02,上市,00625K,富邦上証+R,9.00,0.0000,9.00,9.00,9.00,9000,81000,2,TWSE_CSV,2026-07-02 16:14:07 +0800
1150702,2026-07-02,上市,00631L,元大台灣50正2,38.88,-0.6000,37.83,39.03,37.70,263558669,10115514214,93348,TWSE_CSV,2026-07-02 16:14:07 +0800
1150702,2026-07-02,上市,00632R,元大台灣50反1,9.90,0.0500,10.06,10.07,9.88,133213769,1328208170,11836,TWSE_CSV,2026-07-02 16:14:07 +0800
1150702,2026-07-02,上市,00633L,富邦上証正2,48.92,-3.5800,51.95,51.95,48.92,11726128,584286884,2079,TWSE_CSV,2026-07-02 16:14:07 +0800
1150702,2026-07-02,上市,00634R,富邦上証反1,3.13,0.1100,3.05,3.13,3.05,1099000,3402140,49,TWSE_CSV,2026-07-02 16:14:07 +0800
1150702,2026-07-02,上市,00635U,期元大S&P黃金,42.31,0.8500,42.30,42.49,42.16,3264530,138209680,2662,TWSE_CSV,2026-07-02 16:14:07 +0800
1150702,2026-07-02,上市,00636,國泰中國A50,28.07,-0.8100,28.88,28.88,28.02,599097,16924710,344,TWSE_CSV,2026-07-02 16:14:07 +0800
1150702,2026-07-02,上市,00636K,國泰中國A50+U,8.94,-0.2600,8.94,8.94,8.94,200,1788,2,TWSE_CSV,2026-07-02 16:14:07 +0800
1150702,2026-07-02,上市,00637L,元大滬深300正2,20.18,-1.5400,21.55,21.55,20.18,58429839,1208604348,7966,TWSE_CSV,2026-07-02 16:14:07 +0800
1150702,2026-07-02,上市,00638R,元大滬深300反1,6.74,0.2200,6.57,6.74,6.57,393157,2629850,62,TWSE_CSV,2026-07-02 16:14:07 +0800
1150702,2026-07-02,上市,00639,富邦深100,18.10,-0.6700,18.65,18.65,17.99,1996143,36338878,408,TWSE_CSV,2026-07-02 16:14:07 +0800
1150702,2026-07-02,上市,00640L,富邦日本正2,106.40,1.7000,104.80,106.80,104.80,235526,24984483,179,TWSE_CSV,2026-07-02 16:14:07 +0800
1150702,2026-07-02,上市,00641R,富邦日本反1,3.76,-0.0300,3.78,3.78,3.75,1499834,5643581,93,TWSE_CSV,2026-07-02 16:14:07 +0800
1150702,2026-07-02,上市,00642U,期元大S&P石油,22.19,-0.6400,22.18,22.20,22.09,2821393,62468504,1057,TWSE_CSV,2026-07-02 16:14:07 +0800
1150702,2026-07-02,上市,00643,群益深証中小,20.14,-0.7000,20.71,20.71,20.01,3097745,62688960,237,TWSE_CSV,2026-07-02 16:14:07 +0800
1150702,2026-07-02,上市,00643K,群益深証中小+R,4.34,-0.1200,4.31,4.34,4.29,11000,47410,11,TWSE_CSV,2026-07-02 16:14:07 +0800
1150702,2026-07-02,上市,00645,富邦日本,57.15,0.3500,56.85,57.30,56.85,125448,7155641,262,TWSE_CSV,2026-07-02 16:14:07 +0800
1150702,2026-07-02,上市,00646,元大S&P500,75.00,0.0500,75.00,75.10,74.90,1775918,133220403,2408,TWSE_CSV,2026-07-02 16:14:07 +0800
1150702,2026-07-02,上市,00647L,元大S&P500正2,134.05,0.5000,133.95,134.25,133.95,59654,7999902,99,TWSE_CSV,2026-07-02 16:14:07 +0800
1150702,2026-07-02,上市,00648R,元大S&P500反1,4.01,-0.0100,4.02,4.02,4.00,303000,1215080,67,TWSE_CSV,2026-07-02 16:14:07 +0800
1150702,2026-07-02,上市,00650L,復華香港正2,14.19,0.3400,14.04,14.52,13.99,6479024,92478825,1097,TWSE_CSV,2026-07-02 16:14:07 +0800
1150702,2026-07-02,上市,00651R,復華香港反1,5.72,-0.1000,5.76,5.76,5.67,711735,4066403,56,TWSE_CSV,2026-07-02 16:14:07 +0800
1150702,2026-07-02,上市,00652,富邦印度,33.23,0.1400,33.21,33.28,33.16,328251,10904615,243,TWSE_CSV,2026-07-02 16:14:07 +0800
1150702,2026-07-02,上市,00653L,富邦印度正2,46.75,0.4800,46.50,46.99,46.50,235100,11007276,79,TWSE_CSV,2026-07-02 16:14:07 +0800
1150702,2026-07-02,上市,00654R,富邦印度反1,6.76,-0.0100,6.76,6.76,6.76,5000,33800,1,TWSE_CSV,2026-07-02 16:14:07 +0800
1150702,2026-07-02,上市,00655L,國泰中國A50正2,33.86,-2.6100,36.11,36.14,33.86,5671567,197680193,1112,TWSE_CSV,2026-07-02 16:14:07 +0800
1150702,2026-07-02,上市,00656R,國泰中國A50反1,5.95,0.2200,5.78,5.95,5.78,916000,5359170,26,TWSE_CSV,2026-07-02 16:14:07 +0800
1150702,2026-07-02,上市,00657,國泰日經225,80.95,-1.3500,80.45,81.35,80.45,116966,9459542,93,TWSE_CSV,2026-07-02 16:14:07 +0800
1150702,2026-07-02,上市,00657K,國泰日經225+U,25.38,-0.4700,25.38,25.38,25.38,200,5076,2,TWSE_CSV,2026-07-02 16:14:07 +0800
1150702,2026-07-02,上市,00660,元大歐洲50,45.96,-0.1500,45.98,45.98,45.95,4115,188831,70,TWSE_CSV,2026-07-02 16:14:07 +0800
1150702,2026-07-02,上市,00661,元大日經225,89.65,-1.4000,89.15,90.10,89.15,64809,5807421,237,TWSE_CSV,2026-07-02 16:14:07 +0800
1150702,2026-07-02,上市,00662,富邦NASDAQ,122.20,-1.4500,122.45,122.80,122.00,4037045,494306121,4747,TWSE_CSV,2026-07-02 16:14:07 +0800
1150702,2026-07-02,上市,00663L,國泰臺灣加權正2,112.50,-1.6000,108.85,113.00,108.80,15130953,1680883595,5612,TWSE_CSV,2026-07-02 16:14:07 +0800
1150702,2026-07-02,上市,00664R,國泰臺灣加權反1,1.60,0.0100,1.64,1.64,1.59,33294136,53703437,751,TWSE_CSV,2026-07-02 16:14:07 +0800
1150702,2026-07-02,上市,00665L,富邦恒生國企正2,7.74,0.2100,7.58,7.97,7.58,28319156,220550155,2310,TWSE_CSV,2026-07-02 16:14:07 +0800
1150702,2026-07-02,上市,00666R,富邦恒生國企反1,10.12,-0.1300,10.16,10.19,9.97,226530,2284773,19,TWSE_CSV,2026-07-02 16:14:07 +0800
1150702,2026-07-02,上市,00668,國泰美國道瓊,60.90,0.2000,60.70,60.90,60.70,45042,2742014,96,TWSE_CSV,2026-07-02 16:14:07 +0800
1150702,2026-07-02,上市,00668K,國泰美國道瓊+U,19.14,0.0200,19.14,19.14,19.14,200,3828,2,TWSE_CSV,2026-07-02 16:14:07 +0800
1150702,2026-07-02,上市,00669R,國泰美國道瓊反1,5.27,-0.0200,5.29,5.29,5.27,703239,3708932,101,TWSE_CSV,2026-07-02 16:14:07 +0800
1150702,2026-07-02,上市,00670L,富邦NASDAQ正2,210.40,-3.9500,210.20,211.65,209.30,666852,140516584,1074,TWSE_CSV,2026-07-02 16:14:07 +0800
1150702,2026-07-02,上市,00671R,富邦NASDAQ反1,2.40,0.0200,2.41,2.41,2.40,3066000,7366730,123,TWSE_CSV,2026-07-02 16:14:07 +0800
1150702,2026-07-02,上市,00673R,期元大S&P原油反1,16.30,0.4300,16.34,16.38,16.30,17667223,288680599,1857,TWSE_CSV,2026-07-02 16:14:07 +0800
1150702,2026-07-02,上市,00674R,期元大S&P黃金反1,30.27,-0.6900,30.23,30.37,30.20,213494,6460692,92,TWSE_CSV,2026-07-02 16:14:07 +0800
1150702,2026-07-02,上市,00675L,富邦臺灣加權正2,340.80,-5.0000,329.90,342.50,329.50,2270679,763242572,2460,TWSE_CSV,2026-07-02 16:14:07 +0800
1150702,2026-07-02,上市,00676R,富邦臺灣加權反1,5.46,0.0400,5.56,5.56,5.46,9059334,49871937,550,TWSE_CSV,2026-07-02 16:14:07 +0800
1150702,2026-07-02,上市,00678,群益那斯達克生技,40.27,0.1300,40.29,40.38,40.27,530048,21366985,145,TWSE_CSV,2026-07-02 16:14:07 +0800
1150702,2026-07-02,上市,00680L,元大美債20正2,6.95,-0.0400,6.97,6.97,6.94,10824354,75262511,494,TWSE_CSV,2026-07-02 16:14:07 +0800
1150702,2026-07-02,上市,00681R,元大美債20反1,21.06,0.0800,21.02,21.06,21.02,580000,12209550,15,TWSE_CSV,2026-07-02 16:14:07 +0800
1150702,2026-07-02,上市,00682U,期元大美元指數,20.63,-0.2300,20.63,20.63,20.63,1011,20858,3,TWSE_CSV,2026-07-02 16:14:07 +0800
1150702,2026-07-02,上市,00683L,期元大美元指正2,22.20,0.1000,22.17,22.22,22.14,33467,741966,6,TWSE_CSV,2026-07-02 16:14:07 +0800
1150702,2026-07-02,上市,00684R,期元大美元指反1,0.00,0.0000,0.00,0.00,0.00,29,432,1,TWSE_CSV,2026-07-02 16:14:07 +0800
1150702,2026-07-02,上市,00686R,群益臺灣加權反1,0.97,-0.0100,1.00,1.00,0.97,10645256,10506326,193,TWSE_CSV,2026-07-02 16:14:07 +0800
1150702,2026-07-02,上市,00688L,國泰20年美債正2,6.91,-0.0600,6.93,6.94,6.91,2347198,16254424,188,TWSE_CSV,2026-07-02 16:14:07 +0800
1150702,2026-07-02,上市,00689R,國泰20年美債反1,22.04,0.1000,22.04,22.04,22.04,1000,22040,1,TWSE_CSV,2026-07-02 16:14:07 +0800
1150702,2026-07-02,上市,00690,兆豐藍籌30,82.90,-0.4000,81.45,82.90,80.70,448384,36831097,404,TWSE_CSV,2026-07-02 16:14:07 +0800
1150702,2026-07-02,上市,00692,富邦公司治理,93.55,-0.7000,92.40,93.60,92.30,2292656,213210561,1368,TWSE_CSV,2026-07-02 16:14:07 +0800
1150702,2026-07-02,上市,00693U,期街口S&P黃豆,21.11,0.1600,21.01,21.11,21.01,419883,8842186,137,TWSE_CSV,2026-07-02 16:14:07 +0800
1150702,2026-07-02,上市,00700,富邦恒生國企,15.50,0.2100,15.36,15.73,15.36,927170,14372113,198,TWSE_CSV,2026-07-02 16:14:07 +0800
1150702,2026-07-02,上市,00701,國泰股利精選30,38.60,-0.3700,38.97,38.97,38.01,843700,32607339,717,TWSE_CSV,2026-07-02 16:14:07 +0800
1150702,2026-07-02,上市,00702,國泰標普低波高息,24.85,0.0000,24.84,24.86,24.83,118020,2932551,80,TWSE_CSV,2026-07-02 16:14:07 +0800
1150702,2026-07-02,上市,00703,台新MSCI中國,18.13,0.2200,18.17,18.17,18.09,18151,328599,84,TWSE_CSV,2026-07-02 16:14:07 +0800
1150702,2026-07-02,上市,00706L,期元大S&P日圓正2,18.43,0.0600,18.38,18.44,18.38,932501,17164481,206,TWSE_CSV,2026-07-02 16:14:07 +0800
1150702,2026-07-02,上市,00707R,期元大S&P日圓反1,0.00,0.0000,0.00,0.00,0.00,0,0,0,TWSE_CSV,2026-07-02 16:14:07 +0800
1150702,2026-07-02,上市,00708L,期元大S&P黃金正2,71.00,2.9500,71.00,71.55,70.35,4459573,316902346,2438,TWSE_CSV,2026-07-02 16:14:07 +0800
1150702,2026-07-02,上市,00709,富邦歐洲,39.43,-0.1500,39.48,39.48,39.38,22090,870313,127,TWSE_CSV,2026-07-02 16:14:07 +0800
1150702,2026-07-02,上市,00710B,復華彭博非投等債,18.98,0.0100,18.97,18.99,18.93,254189,4820072,49,TWSE_CSV,2026-07-02 16:14:07 +0800
1150702,2026-07-02,上市,00711B,復華彭博新興債,16.14,-0.0500,16.14,16.14,16.14,103701,1673593,70,TWSE_CSV,2026-07-02 16:14:07 +0800
1150702,2026-07-02,上市,00712,復華富時不動產,8.76,-0.0400,8.77,8.77,8.74,13200450,115599953,2729,TWSE_CSV,2026-07-02 16:14:07 +0800
1150702,2026-07-02,上市,00713,元大台灣高息低波,59.90,0.0000,59.65,60.15,59.60,5578933,334460400,3278,TWSE_CSV,2026-07-02 16:14:07 +0800
1150702,2026-07-02,上市,00714,群益道瓊美國地產,21.80,0.0500,21.83,21.83,21.80,107516,2344966,72,TWSE_CSV,2026-07-02 16:14:07 +0800
1150702,2026-07-02,上市,00715L,期街口布蘭特正2,31.38,-2.1500,31.44,31.48,31.17,8499095,266234106,3053,TWSE_CSV,2026-07-02 16:14:07 +0800
1150702,2026-07-02,上市,00717,富邦美國特別股,14.83,0.0600,14.76,14.86,14.76,82865,1228099,158,TWSE_CSV,2026-07-02 16:14:07 +0800
1150702,2026-07-02,上市,00728,第一金工業30,65.75,-0.3000,64.85,65.80,64.60,253174,16530181,253,TWSE_CSV,2026-07-02 16:14:07 +0800
1150702,2026-07-02,上市,00730,富邦臺灣優質高息,29.35,0.3500,28.85,29.35,28.85,152011,4440941,294,TWSE_CSV,2026-07-02 16:14:07 +0800
1150702,2026-07-02,上市,00731,復華富時高息低波,87.10,-1.2500,87.85,88.20,87.10,574005,50224642,226,TWSE_CSV,2026-07-02 16:14:07 +0800
1150702,2026-07-02,上市,00733,富邦臺灣中小,77.60,0.1500,76.35,77.60,75.65,584400,44983007,540,TWSE_CSV,2026-07-02 16:14:07 +0800
1150702,2026-07-02,上市,00735,國泰臺韓科技,112.10,-3.5000,111.00,113.40,110.30,4066651,455113869,6503,TWSE_CSV,2026-07-02 16:14:07 +0800
1150702,2026-07-02,上市,00736,國泰新興市場,31.11,-0.2900,31.40,31.40,31.05,115641,3623128,89,TWSE_CSV,2026-07-02 16:14:07 +0800
1150702,2026-07-02,上市,00737,國泰AI機器人,39.17,0.3600,38.97,39.35,38.97,208372,8160518,235,TWSE_CSV,2026-07-02 16:14:07 +0800
1150702,2026-07-02,上市,00738U,期元大道瓊白銀,48.13,1.7600,48.09,48.55,47.92,3453689,166566316,2114,TWSE_CSV,2026-07-02 16:14:07 +0800
1150702,2026-07-02,上市,00739,元大MSCI A股,29.40,-0.5200,29.80,29.81,29.12,223833,6576498,109,TWSE_CSV,2026-07-02 16:14:07 +0800
1150702,2026-07-02,上市,00752,中信中國50,21.14,0.3600,20.84,21.44,20.84,3927594,83172031,841,TWSE_CSV,2026-07-02 16:14:07 +0800
1150702,2026-07-02,上市,00753L,中信中國50正2,8.40,0.1300,8.40,8.60,8.34,16571995,140296966,2104,TWSE_CSV,2026-07-02 16:14:07 +0800
1150702,2026-07-02,上市,00757,統一FANG+,128.30,1.8000,128.20,128.80,127.80,3969256,509393094,2283,TWSE_CSV,2026-07-02 16:14:07 +0800
1150702,2026-07-02,上市,00762,元大全球AI,116.65,-2.6500,116.95,117.30,116.25,258073,30150412,619,TWSE_CSV,2026-07-02 16:14:07 +0800
1150702,2026-07-02,上市,00763U,期街口道瓊銅,32.71,0.0100,32.75,32.88,32.70,614754,20160917,316,TWSE_CSV,2026-07-02 16:14:07 +0800
1150702,2026-07-02,上市,00770,國泰北美科技,68.40,-0.7000,68.40,68.60,68.25,298349,20411945,448,TWSE_CSV,2026-07-02 16:14:07 +0800
1150702,2026-07-02,上市,00771,元大US高息特別股,15.73,-0.0300,15.73,15.73,15.73,5657,88927,68,TWSE_CSV,2026-07-02 16:14:07 +0800
1150702,2026-07-02,上市,00775B,新光投等債15+,32.60,0.1000,32.60,32.60,32.60,81051,2641740,103,TWSE_CSV,2026-07-02 16:14:07 +0800
1150702,2026-07-02,上市,00783,富邦中証500,31.20,-0.9200,32.08,32.08,30.95,588492,18416061,163,TWSE_CSV,2026-07-02 16:14:07 +0800
1150702,2026-07-02,上市,00830,國泰費城半導體,95.75,-4.1000,95.00,96.30,95.00,21091833,2018296556,28864,TWSE_CSV,2026-07-02 16:14:07 +0800
1150702,2026-07-02,上市,00850,元大臺灣ESG永續,92.85,-0.1500,91.40,92.85,91.05,829353,76456518,904,TWSE_CSV,2026-07-02 16:14:07 +0800
1150702,2026-07-02,上市,00851,台新全球AI,74.55,-0.6500,74.70,74.70,74.45,4151,308744,90,TWSE_CSV,2026-07-02 16:14:07 +0800
1150702,2026-07-02,上市,00852L,國泰美國道瓊正2,34.81,0.2300,34.75,34.82,34.75,17246,599464,11,TWSE_CSV,2026-07-02 16:14:07 +0800
1150702,2026-07-02,上市,00861,元大全球未來通訊,93.95,-3.1000,93.70,94.40,93.45,397793,37402006,3175,TWSE_CSV,2026-07-02 16:14:07 +0800
1150702,2026-07-02,上市,00865B,國泰US短期公債,48.59,0.0400,48.56,48.63,48.53,8575364,416619623,719,TWSE_CSV,2026-07-02 16:14:07 +0800
1150702,2026-07-02,上市,00875,國泰網路資安,51.65,0.9000,51.45,51.75,51.45,255597,13206069,178,TWSE_CSV,2026-07-02 16:14:07 +0800
1150702,2026-07-02,上市,00876,元大全球5G,102.95,-4.7500,101.00,103.50,100.20,805014,82782064,2718,TWSE_CSV,2026-07-02 16:14:07 +0800
1150702,2026-07-02,上市,00878,國泰永續高股息,33.22,-0.1000,32.94,33.24,32.90,27899987,923694923,21825,TWSE_CSV,2026-07-02 16:14:07 +0800
1150702,2026-07-02,上市,00881,國泰台灣科技龍頭,55.70,-0.1500,54.65,55.75,54.50,10947328,605211770,4173,TWSE_CSV,2026-07-02 16:14:07 +0800
1150702,2026-07-02,上市,00882,中信中國高股息,14.74,0.1500,14.59,14.87,14.59,10553358,155502290,2213,TWSE_CSV,2026-07-02 16:14:07 +0800
1150702,2026-07-02,上市,00885,富邦越南,18.95,-0.0100,18.95,19.01,18.91,2501220,47446083,673,TWSE_CSV,2026-07-02 16:14:07 +0800
1150702,2026-07-02,上市,00891,中信關鍵半導體,37.98,0.1200,36.99,38.08,36.83,14044675,527964142,5613,TWSE_CSV,2026-07-02 16:14:07 +0800
1150702,2026-07-02,上市,00892,富邦台灣半導體,46.84,0.3900,45.49,46.95,45.49,6437305,299708504,2208,TWSE_CSV,2026-07-02 16:14:07 +0800
1150702,2026-07-02,上市,00893,國泰智能電動車,46.73,-0.7700,46.88,46.88,46.44,714031,33318796,556,TWSE_CSV,2026-07-02 16:14:07 +0800
1150702,2026-07-02,上市,00894,中信小資高價30,50.30,0.3000,48.82,50.30,48.82,1110150,55342103,787,TWSE_CSV,2026-07-02 16:14:07 +0800
1150702,2026-07-02,上市,00895,富邦未來車,52.15,-0.7000,52.30,52.30,51.90,603507,31443434,369,TWSE_CSV,2026-07-02 16:14:07 +0800
1150702,2026-07-02,上市,00896,中信綠能及電動車,28.29,0.3300,27.65,28.29,27.52,5114564,143645662,1663,TWSE_CSV,2026-07-02 16:14:07 +0800
1150702,2026-07-02,上市,00897,富邦基因免疫生技,11.22,0.0100,11.21,11.30,11.21,950134,10693781,272,TWSE_CSV,2026-07-02 16:14:07 +0800
1150702,2026-07-02,上市,00898,國泰基因免疫革命,9.41,0.1100,9.34,9.45,9.34,1282335,12074937,340,TWSE_CSV,2026-07-02 16:14:07 +0800
1150702,2026-07-02,上市,00899,FT潔淨能源,26.38,-0.4200,26.55,26.56,26.36,188995,4998622,305,TWSE_CSV,2026-07-02 16:14:07 +0800
1150702,2026-07-02,上市,00900,富邦特選高股息30,19.37,0.0500,19.04,19.38,19.01,5114760,98315451,1434,TWSE_CSV,2026-07-02 16:14:07 +0800
1150702,2026-07-02,上市,00901,永豐智能車供應鏈,47.81,-0.3000,47.12,47.86,47.12,811035,38533644,227,TWSE_CSV,2026-07-02 16:14:07 +0800
1150702,2026-07-02,上市,00902,中信電池及儲能,14.66,-0.1900,14.50,14.70,14.50,685505,10023203,422,TWSE_CSV,2026-07-02 16:14:07 +0800
1150702,2026-07-02,上市,00903,富邦元宇宙,21.25,-0.0900,21.30,21.32,21.24,43751,930229,138,TWSE_CSV,2026-07-02 16:14:07 +0800
1150702,2026-07-02,上市,00904,新光臺灣半導體30,43.88,-0.0300,42.29,43.91,42.29,3588115,155419596,1302,TWSE_CSV,2026-07-02 16:14:07 +0800
1150702,2026-07-02,上市,00905,FT臺灣Smart,28.75,0.0200,28.09,28.75,28.09,2544518,72479317,1442,TWSE_CSV,2026-07-02 16:14:07 +0800
1150702,2026-07-02,上市,00907,永豐優息存股,16.16,0.0500,16.10,16.16,16.04,763484,12307830,242,TWSE_CSV,2026-07-02 16:14:07 +0800
1150702,2026-07-02,上市,00908,富邦入息REITs+,15.09,0.0400,15.15,15.15,15.09,98216,1483883,82,TWSE_CSV,2026-07-02 16:14:07 +0800
1150702,2026-07-02,上市,00909,國泰數位支付服務,47.45,-0.6400,47.44,47.46,47.30,980930,46501239,1327,TWSE_CSV,2026-07-02 16:14:07 +0800
1150702,2026-07-02,上市,00910,第一金太空衛星,64.60,-0.7500,64.35,64.70,64.30,1544800,99695256,2578,TWSE_CSV,2026-07-02 16:14:07 +0800
1150702,2026-07-02,上市,00911,兆豐洲際半導體,66.30,-2.1000,66.65,66.65,64.50,684772,45121889,2925,TWSE_CSV,2026-07-02 16:14:07 +0800
1150702,2026-07-02,上市,00912,中信臺灣智慧50,34.97,0.0100,34.68,34.99,34.35,493531,17112188,464,TWSE_CSV,2026-07-02 16:14:07 +0800
1150702,2026-07-02,上市,00913,兆豐台灣晶圓製造,54.35,-0.3000,53.05,54.35,53.00,2379845,127877956,1237,TWSE_CSV,2026-07-02 16:14:07 +0800
1150702,2026-07-02,上市,00915,凱基優選高股息30,32.08,-0.2400,32.14,32.25,31.75,6455608,206737308,811,TWSE_CSV,2026-07-02 16:14:07 +0800
1150702,2026-07-02,上市,00916,國泰全球品牌50,25.55,0.3400,25.37,25.60,25.32,2626894,67042160,822,TWSE_CSV,2026-07-02 16:14:07 +0800
1150702,2026-07-02,上市,00917,中信特選金融,22.40,0.4000,22.21,22.42,22.21,1269076,28417371,405,TWSE_CSV,2026-07-02 16:14:07 +0800
1150702,2026-07-02,上市,00918,大華優利高填息30,31.82,-0.0200,31.50,31.85,31.50,25790615,818138844,6837,TWSE_CSV,2026-07-02 16:14:07 +0800
1150702,2026-07-02,上市,00919,群益台灣精選高息,29.20,-0.1700,29.21,29.37,29.15,87614714,2561621833,55946,TWSE_CSV,2026-07-02 16:14:07 +0800
1150702,2026-07-02,上市,00920,富邦ESG綠色電力,26.33,-0.4700,26.46,26.46,26.04,195753,5144001,470,TWSE_CSV,2026-07-02 16:14:07 +0800
1150702,2026-07-02,上市,00921,兆豐龍頭等權重,23.55,0.2500,23.11,23.55,23.11,204135,4771555,214,TWSE_CSV,2026-07-02 16:14:07 +0800
1150702,2026-07-02,上市,00922,國泰台灣領袖50,41.86,-0.0500,41.08,41.91,40.99,11168297,464067012,3652,TWSE_CSV,2026-07-02 16:14:07 +0800
1150702,2026-07-02,上市,00923,群益台ESG低碳50,43.51,-0.1800,42.90,43.53,42.84,4581237,197897398,1648,TWSE_CSV,2026-07-02 16:14:07 +0800
1150702,2026-07-02,上市,00924,復華S&P500成長,32.52,-0.0300,32.55,32.58,32.48,1981095,64450384,1093,TWSE_CSV,2026-07-02 16:14:07 +0800
1150702,2026-07-02,上市,00926,凱基全球菁英55,24.58,-0.0500,24.59,24.64,24.55,993838,24432327,247,TWSE_CSV,2026-07-02 16:14:07 +0800
1150702,2026-07-02,上市,00927,群益半導體收益,42.83,0.3500,41.43,42.83,41.31,79317740,3342831780,24036,TWSE_CSV,2026-07-02 16:14:07 +0800
1150702,2026-07-02,上市,00929,復華台灣科技優息,31.19,0.4100,30.41,31.20,30.25,21696377,669710879,7796,TWSE_CSV,2026-07-02 16:14:07 +0800
1150702,2026-07-02,上市,00930,永豐ESG低碳高息,24.73,-0.5100,24.74,24.90,24.60,1413863,34976165,371,TWSE_CSV,2026-07-02 16:14:07 +0800
1150702,2026-07-02,上市,00932,兆豐永續高息等權,17.66,0.1400,17.30,17.67,17.30,1899599,33399024,369,TWSE_CSV,2026-07-02 16:14:07 +0800
1150702,2026-07-02,上市,00934,中信成長高股息,28.57,0.2700,28.01,28.60,27.95,3648357,103415348,904,TWSE_CSV,2026-07-02 16:14:07 +0800
1150702,2026-07-02,上市,00935,野村臺灣新科技50,62.75,-0.2000,61.10,62.80,61.05,15338467,951572564,6494,TWSE_CSV,2026-07-02 16:14:07 +0800
1150702,2026-07-02,上市,00936,台新永續高息中小,21.05,-0.1100,20.96,21.10,20.90,782864,16437313,315,TWSE_CSV,2026-07-02 16:14:07 +0800
1150702,2026-07-02,上市,00938,凱基優選30,24.12,-0.2700,24.12,24.35,24.08,305616,7393798,221,TWSE_CSV,2026-07-02 16:14:07 +0800
1150702,2026-07-02,上市,00939,統一台灣高息動能,21.12,0.0000,21.00,21.16,21.00,3910125,82511306,989,TWSE_CSV,2026-07-02 16:14:07 +0800
1150702,2026-07-02,上市,00940,元大台灣價值高息,12.65,0.0300,12.50,12.66,12.48,15794006,199096286,2816,TWSE_CSV,2026-07-02 16:14:07 +0800
1150702,2026-07-02,上市,00941,中信上游半導體,29.38,-1.1400,29.40,29.57,29.23,3963181,116492146,3383,TWSE_CSV,2026-07-02 16:14:07 +0800
1150702,2026-07-02,上市,00943,兆豐電子高息等權,22.80,0.3200,22.41,22.80,22.35,64574,1460019,107,TWSE_CSV,2026-07-02 16:14:07 +0800
1150702,2026-07-02,上市,00944,野村趨勢動能高息,21.96,-0.2600,21.98,22.11,21.90,501244,11037789,265,TWSE_CSV,2026-07-02 16:14:07 +0800
1150702,2026-07-02,上市,00945B,凱基美國非投等債,14.53,-0.0100,14.54,14.55,14.51,5060037,73542647,394,TWSE_CSV,2026-07-02 16:14:07 +0800
1150702,2026-07-02,上市,00946,群益科技高息成長,15.46,0.0700,15.29,15.53,15.20,2350730,36313622,669,TWSE_CSV,2026-07-02 16:14:07 +0800
1150702,2026-07-02,上市,00947,台新臺灣IC設計,39.23,0.1300,37.77,39.29,37.71,9438406,365729226,4464,TWSE_CSV,2026-07-02 16:14:07 +0800
1150702,2026-07-02,上市,00949,復華日本龍頭,20.73,0.2500,20.50,20.80,20.50,1457951,30248098,427,TWSE_CSV,2026-07-02 16:14:07 +0800
1150702,2026-07-02,上市,00951,台新日本半導體,20.56,-1.0300,20.35,20.76,20.20,6092353,125041653,2148,TWSE_CSV,2026-07-02 16:14:07 +0800
1150702,2026-07-02,上市,00952,凱基台灣AI50,18.75,0.0700,18.51,18.83,18.38,2458410,45711869,573,TWSE_CSV,2026-07-02 16:14:07 +0800
1150702,2026-07-02,上市,00953B,群益優選非投等債,9.71,0.0000,9.71,9.72,9.69,29733448,288540583,2927,TWSE_CSV,2026-07-02 16:14:07 +0800
1150702,2026-07-02,上市,00954,中信日本半導體,21.94,-1.1300,21.85,22.17,21.64,5682198,124774962,2074,TWSE_CSV,2026-07-02 16:14:07 +0800
1150702,2026-07-02,上市,00956,中信日經高股息,12.21,0.2200,12.12,12.22,12.12,746946,9110304,216,TWSE_CSV,2026-07-02 16:14:07 +0800
1150702,2026-07-02,上市,00960,野村全球航運龍頭,16.75,0.0600,16.69,16.75,16.66,176228,2949685,231,TWSE_CSV,2026-07-02 16:14:07 +0800
1150702,2026-07-02,上市,00961,FT臺灣永續高息,12.68,0.0400,12.58,12.70,12.56,11021860,139268451,1953,TWSE_CSV,2026-07-02 16:14:07 +0800
1150702,2026-07-02,上市,00962,台新AI優息動能,15.02,0.1900,14.77,15.02,14.77,314047,4693043,224,TWSE_CSV,2026-07-02 16:14:07 +0800
1150702,2026-07-02,上市,00963,中信全球高股息,12.56,0.0500,12.60,12.60,12.53,798551,10023697,189,TWSE_CSV,2026-07-02 16:14:07 +0800
1150702,2026-07-02,上市,00964,中信亞太高股息,13.90,0.0900,13.81,13.93,13.78,2319098,32115879,412,TWSE_CSV,2026-07-02 16:14:07 +0800
1150702,2026-07-02,上市,00965,元大航太防衛科技,25.28,0.3600,25.06,25.38,25.03,3561451,90007833,1595,TWSE_CSV,2026-07-02 16:14:07 +0800
1150702,2026-07-02,上市,00971,野村美國研發龍頭,17.03,0.0600,17.00,17.08,16.99,284009,4837759,279,TWSE_CSV,2026-07-02 16:14:07 +0800
1150702,2026-07-02,上市,00972,野村日本動能高息,19.51,0.3900,19.12,19.52,19.12,309316,6025568,60,TWSE_CSV,2026-07-02 16:14:07 +0800
1150702,2026-07-02,上市,009800,中信NASDAQ,13.22,-0.1300,13.20,13.27,13.20,579036,7662777,518,TWSE_CSV,2026-07-02 16:14:07 +0800
1150702,2026-07-02,上市,009801,中信美國創新科技,12.32,-0.1200,12.38,12.38,12.29,177301,2187128,238,TWSE_CSV,2026-07-02 16:14:07 +0800
1150702,2026-07-02,上市,009802,富邦旗艦50,19.59,0.0900,19.10,19.61,19.10,4154315,80987327,1013,TWSE_CSV,2026-07-02 16:14:07 +0800
1150702,2026-07-02,上市,009803,玉山市值動能50,22.07,-0.0500,21.77,22.07,21.73,1776094,38908722,899,TWSE_CSV,2026-07-02 16:14:07 +0800
1150702,2026-07-02,上市,009804,聯邦台精彩50,24.56,0.1200,24.04,24.57,24.02,3594548,87497391,1216,TWSE_CSV,2026-07-02 16:14:07 +0800
1150702,2026-07-02,上市,009805,新光美國電力基建,16.93,-0.4100,16.90,16.97,16.87,5863806,99258125,2796,TWSE_CSV,2026-07-02 16:14:07 +0800
1150702,2026-07-02,上市,009808,華南永昌優選50,31.97,-0.2900,31.77,32.06,31.77,359898,11449829,99,TWSE_CSV,2026-07-02 16:14:07 +0800
1150702,2026-07-02,上市,009809,富邦淨零ESG50,18.07,-0.2200,17.96,18.10,17.88,106590,1921491,99,TWSE_CSV,2026-07-02 16:14:07 +0800
1150702,2026-07-02,上市,00980A,主動野村臺灣優選,24.95,0.0400,24.31,24.98,24.30,7931305,196215346,1799,TWSE_CSV,2026-07-02 16:14:07 +0800
1150702,2026-07-02,上市,009810,玉山全球藍籌100,20.23,0.0000,20.22,20.27,20.22,139120,2817347,57,TWSE_CSV,2026-07-02 16:14:07 +0800
1150702,2026-07-02,上市,009811,統一美國50,12.90,0.0100,12.88,12.92,12.86,2563984,33079608,540,TWSE_CSV,2026-07-02 16:14:07 +0800
1150702,2026-07-02,上市,009812,野村日本東證,12.44,0.1300,12.36,12.48,12.35,359157,4465030,203,TWSE_CSV,2026-07-02 16:14:07 +0800
1150702,2026-07-02,上市,009813,貝萊德標普卓越50,11.01,-0.0100,11.01,11.04,11.00,2995755,33018553,474,TWSE_CSV,2026-07-02 16:14:07 +0800
1150702,2026-07-02,上市,009816,凱基台灣TOP50,15.78,-0.0500,15.49,15.80,15.46,100932482,1580990558,28185,TWSE_CSV,2026-07-02 16:14:07 +0800
1150702,2026-07-02,上市,009817,國泰日本不動產,8.85,0.0900,8.80,8.88,8.80,2502080,22157840,217,TWSE_CSV,2026-07-02 16:14:07 +0800
1150702,2026-07-02,上市,009818,華南永昌NASDAQxT,19.94,-0.1100,20.06,20.06,19.90,444050,8866373,55,TWSE_CSV,2026-07-02 16:14:07 +0800
1150702,2026-07-02,上市,009819,中信數據及電力,10.17,-0.1600,10.16,10.18,10.13,6904866,70112940,2815,TWSE_CSV,2026-07-02 16:14:07 +0800
1150702,2026-07-02,上市,00981A,主動統一台股增長,32.05,0.0500,31.37,32.13,31.12,158262123,5021679086,44280,TWSE_CSV,2026-07-02 16:14:07 +0800
1150702,2026-07-02,上市,00981T,平衡凱基雙核收息,12.32,-0.0400,12.33,12.35,12.30,3026302,37268069,369,TWSE_CSV,2026-07-02 16:14:07 +0800
1150702,2026-07-02,上市,009820,元大納斯達克精選,9.98,-0.1600,9.97,10.03,9.95,8091924,80908289,1272,TWSE_CSV,2026-07-02 16:14:07 +0800
1150702,2026-07-02,上市,009821,野村稀土關鍵資源,14.22,0.0100,14.29,14.30,14.21,20547394,292474853,6168,TWSE_CSV,2026-07-02 16:14:07 +0800
1150702,2026-07-02,上市,009824,群益美國科技巨頭,10.04,-0.1000,10.04,10.06,10.00,17108773,171694602,5151,TWSE_CSV,2026-07-02 16:14:07 +0800
1150702,2026-07-02,上市,00982A,主動群益台灣強棒,25.33,0.3500,24.51,25.34,24.44,35641184,892762192,8055,TWSE_CSV,2026-07-02 16:14:07 +0800
1150702,2026-07-02,上市,00982D,主動富邦動態入息,10.01,0.0000,9.99,10.02,9.99,332122,3325598,109,TWSE_CSV,2026-07-02 16:14:07 +0800
1150702,2026-07-02,上市,00982T,平衡兆豐台美動能,15.91,-0.0400,15.85,15.91,15.85,66581,1057378,33,TWSE_CSV,2026-07-02 16:14:07 +0800
1150702,2026-07-02,上市,00983A,主動中信ARK創新,12.44,0.0900,12.35,12.47,12.35,5325798,66243316,1106,TWSE_CSV,2026-07-02 16:14:07 +0800
1150702,2026-07-02,上市,00983D,主動富邦複合收益,10.17,0.0100,10.16,10.18,10.15,1393446,14175471,210,TWSE_CSV,2026-07-02 16:14:07 +0800
1150702,2026-07-02,上市,00984A,主動安聯台灣高息,16.71,-0.0200,16.52,16.77,16.50,8719033,145196360,3038,TWSE_CSV,2026-07-02 16:14:07 +0800
1150702,2026-07-02,上市,00984D,主動聯博全球非投,10.09,0.0000,10.11,10.11,10.08,21838425,220462933,1830,TWSE_CSV,2026-07-02 16:14:07 +0800
1150702,2026-07-02,上市,00985A,主動野村台灣50,22.47,0.0700,21.88,22.49,21.88,3240834,72082759,1340,TWSE_CSV,2026-07-02 16:14:07 +0800
1150702,2026-07-02,上市,00985B,群益ESG投等債0-5,10.29,-0.0100,10.30,10.30,10.28,2994894,30813355,330,TWSE_CSV,2026-07-02 16:14:07 +0800
1150702,2026-07-02,上市,00986A,主動台新龍頭成長,15.40,-0.3300,15.51,15.51,15.36,662168,10200951,240,TWSE_CSV,2026-07-02 16:14:07 +0800
1150702,2026-07-02,上市,00987A,主動台新優勢成長,17.32,0.0100,16.91,17.42,16.88,3187326,54790479,710,TWSE_CSV,2026-07-02 16:14:07 +0800
1150702,2026-07-02,上市,00988A,主動統一全球創新,21.84,-0.9400,21.84,22.05,21.53,139825070,3046698377,46785,TWSE_CSV,2026-07-02 16:14:07 +0800
1150702,2026-07-02,上市,00989A,主動摩根美國科技,18.52,-0.3600,18.65,18.65,18.34,2020171,37425382,289,TWSE_CSV,2026-07-02 16:14:07 +0800
1150702,2026-07-02,上市,00990A,主動元大AI新經濟,20.38,-0.8500,20.41,20.63,20.06,51850539,1056725378,14856,TWSE_CSV,2026-07-02 16:14:07 +0800
1150702,2026-07-02,上市,00991A,主動復華未來50,20.64,-0.2300,20.24,20.79,20.22,107382544,2201900997,33507,TWSE_CSV,2026-07-02 16:14:07 +0800
1150702,2026-07-02,上市,00992A,主動群益科技創新,19.07,0.1000,18.57,19.17,18.56,46618082,882056834,9806,TWSE_CSV,2026-07-02 16:14:07 +0800
1150702,2026-07-02,上市,00993A,主動安聯台灣,14.28,-0.0200,13.96,14.29,13.89,5748498,81088745,1234,TWSE_CSV,2026-07-02 16:14:07 +0800
1150702,2026-07-02,上市,00994A,主動第一金台股優,18.19,0.0200,17.77,18.23,17.71,6237229,112270993,1251,TWSE_CSV,2026-07-02 16:14:07 +0800
1150702,2026-07-02,上市,00995A,主動中信台灣卓越,18.52,0.0500,18.14,18.55,18.00,5189970,95109804,1246,TWSE_CSV,2026-07-02 16:14:07 +0800
1150702,2026-07-02,上市,00996A,主動兆豐台灣豐收,16.08,-0.0400,15.83,16.18,15.70,7122858,113768656,1477,TWSE_CSV,2026-07-02 16:14:07 +0800
1150702,2026-07-02,上市,00997A,主動群益美國增長,13.99,-0.5700,14.00,14.11,13.83,59150430,828104382,13910,TWSE_CSV,2026-07-02 16:14:07 +0800
1150702,2026-07-02,上市,00999A,主動野村臺灣高息,11.06,0.0500,10.82,11.07,10.80,16200984,177977143,2638,TWSE_CSV,2026-07-02 16:14:07 +0800
1150702,2026-07-02,上櫃,006201,元大富櫃50,48.50,+0.68,47.70,48.50,46.35,400000,19085580,128,TPEX_CSV,2026-07-02 16:14:07 +0800
1150702,2026-07-02,上櫃,00679B,元大美債20年,26.96,-0.09,27.03,27.05,26.96,14954000,403766200,1841,TPEX_CSV,2026-07-02 16:14:07 +0800
1150702,2026-07-02,上櫃,00687B,國泰20年美債,28.03,-0.13,28.11,28.14,28.03,17456000,490042720,1303,TPEX_CSV,2026-07-02 16:14:07 +0800
1150702,2026-07-02,上櫃,00687C,國泰20年美債+櫃U,9.39,-0.02,9.39,9.39,9.39,25000,234750,2,TPEX_CSV,2026-07-02 16:14:07 +0800
1150702,2026-07-02,上櫃,00694B,富邦美債1-3,42.03,+0.01,42.02,42.06,42.01,364000,15300490,31,TPEX_CSV,2026-07-02 16:14:07 +0800
1150702,2026-07-02,上櫃,00695B,富邦美債7-10,35.44,-0.04,35.49,35.49,35.44,214000,7589850,24,TPEX_CSV,2026-07-02 16:14:07 +0800
1150702,2026-07-02,上櫃,00696B,富邦美債20年,29.38,-0.12,29.42,29.45,29.38,1945000,57225920,97,TPEX_CSV,2026-07-02 16:14:07 +0800
1150702,2026-07-02,上櫃,00697B,元大美債7-10,35.69,-0.04,35.73,35.74,35.66,170000,6068120,49,TPEX_CSV,2026-07-02 16:14:07 +0800
1150702,2026-07-02,上櫃,00719B,元大美債1-3,31.24,+0.03,31.23,31.27,31.22,2023000,63201640,305,TPEX_CSV,2026-07-02 16:14:07 +0800
1150702,2026-07-02,上櫃,00720B,元大投資級公司債,33.57,-0.01,33.56,33.62,33.52,7045000,236583130,492,TPEX_CSV,2026-07-02 16:14:07 +0800
1150702,2026-07-02,上櫃,00722B,群益投資級電信債,36.23,-0.05,36.25,36.28,36.21,1213000,43967000,164,TPEX_CSV,2026-07-02 16:14:07 +0800
1150702,2026-07-02,上櫃,00723B,群益投資級科技債,31.07,-0.07,31.09,31.15,31.07,638000,19844830,32,TPEX_CSV,2026-07-02 16:14:07 +0800
1150702,2026-07-02,上櫃,00724B,群益投資級金融債,34.26,-0.02,34.28,34.32,34.25,4040000,138473930,84,TPEX_CSV,2026-07-02 16:14:07 +0800
1150702,2026-07-02,上櫃,00725B,國泰投資級公司債,35.63,-0.05,35.65,35.68,35.58,3096000,110377220,317,TPEX_CSV,2026-07-02 16:14:07 +0800
1150702,2026-07-02,上櫃,00726B,國泰新興投等債,33.26,-0.01,33.24,33.44,33.24,113000,3760630,10,TPEX_CSV,2026-07-02 16:14:07 +0800
1150702,2026-07-02,上櫃,00727B,國泰優選非投等債,39.91,-0.02,39.92,39.93,39.91,119000,4749490,11,TPEX_CSV,2026-07-02 16:14:07 +0800
1150702,2026-07-02,上櫃,00734B,台新JPM新興債,16.03,+0.03,15.99,16.04,15.96,741000,11848880,24,TPEX_CSV,2026-07-02 16:14:07 +0800
1150702,2026-07-02,上櫃,00740B,富邦全球投等債,38.96,-0.02,38.99,39.00,38.96,2129000,82976080,41,TPEX_CSV,2026-07-02 16:14:07 +0800
1150702,2026-07-02,上櫃,00741B,富邦全球非投等債,37.44,-0.01,37.40,37.49,37.40,121000,4530710,13,TPEX_CSV,2026-07-02 16:14:07 +0800
1150702,2026-07-02,上櫃,00746B,富邦A級公司債,35.97,-0.01,35.89,36.02,35.89,754000,27135130,27,TPEX_CSV,2026-07-02 16:14:07 +0800
1150702,2026-07-02,上櫃,00749B,凱基新興債10+,32.17,-0.01,32.17,32.17,32.17,100000,3217000,2,TPEX_CSV,2026-07-02 16:14:07 +0800
1150702,2026-07-02,上櫃,00750B,凱基科技債10+,33.48,-0.03,33.47,33.48,33.47,121000,4050870,5,TPEX_CSV,2026-07-02 16:14:07 +0800
1150702,2026-07-02,上櫃,00751B,元大AAA至A公司債,31.76,-0.03,31.78,31.81,31.75,3952000,125594480,507,TPEX_CSV,2026-07-02 16:14:07 +0800
1150702,2026-07-02,上櫃,00754B,群益AAA-AA公司債,33.66,-0.02,33.72,33.72,33.66,122000,4110260,7,TPEX_CSV,2026-07-02 16:14:07 +0800
1150702,2026-07-02,上櫃,00755B,群益投資級公用債,33.25,-0.02,33.27,33.29,33.23,125000,4155130,8,TPEX_CSV,2026-07-02 16:14:07 +0800
1150702,2026-07-02,上櫃,00756B,群益投等新興公債,31.97,-0.13,32.00,32.00,31.95,114000,3644690,13,TPEX_CSV,2026-07-02 16:14:07 +0800
1150702,2026-07-02,上櫃,00758B,復華能源債,52.05,0.00,52.05,52.05,52.05,100000,5205000,2,TPEX_CSV,2026-07-02 16:14:07 +0800
1150702,2026-07-02,上櫃,00759B,復華製藥債,55.30,-0.05,55.30,55.30,55.30,100000,5530000,2,TPEX_CSV,2026-07-02 16:14:07 +0800
1150702,2026-07-02,上櫃,00760B,復華新興企業債,54.25,-0.10,54.15,54.35,54.15,108000,5859100,10,TPEX_CSV,2026-07-02 16:14:07 +0800
1150702,2026-07-02,上櫃,00761B,國泰A級公司債,34.77,-0.04,34.85,34.85,34.77,352000,12248000,37,TPEX_CSV,2026-07-02 16:14:07 +0800
1150702,2026-07-02,上櫃,00764B,群益25年美債,27.97,-0.09,28.01,28.03,27.96,3638000,101823980,90,TPEX_CSV,2026-07-02 16:14:07 +0800
1150702,2026-07-02,上櫃,00768B,復華20年美債,50.65,-0.15,50.65,50.70,50.60,694000,35149100,41,TPEX_CSV,2026-07-02 16:14:07 +0800
1150702,2026-07-02,上櫃,00772B,中信高評級公司債,33.90,-0.06,33.96,33.97,33.90,2180000,73965830,234,TPEX_CSV,2026-07-02 16:14:07 +0800
1150702,2026-07-02,上櫃,00773B,中信優先金融債,36.22,-0.04,36.25,36.29,36.20,1029000,37290380,71,TPEX_CSV,2026-07-02 16:14:07 +0800
1150702,2026-07-02,上櫃,00777B,凱基AAA至A公司債,32.91,0.00,32.91,32.91,32.91,100000,3291000,2,TPEX_CSV,2026-07-02 16:14:07 +0800
1150702,2026-07-02,上櫃,00778B,凱基金融債20+,34.89,-0.01,34.89,34.89,34.89,100000,3489000,2,TPEX_CSV,2026-07-02 16:14:07 +0800
1150702,2026-07-02,上櫃,00779B,凱基美債25+,28.36,-0.02,28.40,28.40,28.34,500000,14177510,30,TPEX_CSV,2026-07-02 16:14:07 +0800
1150702,2026-07-02,上櫃,00780B,國泰A級金融債,37.56,+0.02,37.55,37.58,37.55,103000,3870660,4,TPEX_CSV,2026-07-02 16:14:07 +0800
1150702,2026-07-02,上櫃,00781B,國泰A級科技債,28.44,-0.02,28.53,28.53,28.44,106000,3014790,9,TPEX_CSV,2026-07-02 16:14:07 +0800
1150702,2026-07-02,上櫃,00782B,國泰A級公用債,30.98,-0.04,31.01,31.02,30.98,145000,4494170,14,TPEX_CSV,2026-07-02 16:14:07 +0800
1150702,2026-07-02,上櫃,00785B,富邦金融投等債,35.50,+0.01,35.29,35.53,35.29,99000,3515450,10,TPEX_CSV,2026-07-02 16:14:07 +0800
1150702,2026-07-02,上櫃,00786B,元大10年IG銀行債,33.11,-0.04,33.19,33.19,33.11,426000,14114080,26,TPEX_CSV,2026-07-02 16:14:07 +0800
1150702,2026-07-02,上櫃,00787B,元大10年IG醫療債,32.84,-0.04,32.91,32.91,32.84,19000,624160,9,TPEX_CSV,2026-07-02 16:14:07 +0800
1150702,2026-07-02,上櫃,00788B,元大10年IG電能債,30.53,0.00,30.55,30.58,30.53,24000,733030,7,TPEX_CSV,2026-07-02 16:14:07 +0800
1150702,2026-07-02,上櫃,00789B,復華公司債A3,48.93,-0.01,48.97,48.97,48.92,123000,6017690,8,TPEX_CSV,2026-07-02 16:14:07 +0800
1150702,2026-07-02,上櫃,00791B,復華信用債1-5,57.20,-0.05,57.25,57.25,57.20,101000,5777250,3,TPEX_CSV,2026-07-02 16:14:07 +0800
1150702,2026-07-02,上櫃,00792B,群益A級公司債,31.91,-0.05,31.95,31.97,31.91,355000,11337250,24,TPEX_CSV,2026-07-02 16:14:07 +0800
1150702,2026-07-02,上櫃,00793B,群益AAA-A醫療債,31.01,-0.04,30.99,31.01,30.99,101000,3131990,5,TPEX_CSV,2026-07-02 16:14:07 +0800
1150702,2026-07-02,上櫃,00795B,中信美國公債20年,27.16,-0.08,27.20,27.22,27.15,6244000,169745420,363,TPEX_CSV,2026-07-02 16:14:07 +0800
1150702,2026-07-02,上櫃,00799B,國泰A級醫療債,30.01,-0.05,30.09,30.09,30.00,189000,5674890,25,TPEX_CSV,2026-07-02 16:14:07 +0800
1150702,2026-07-02,上櫃,00834B,第一金金融債10+,34.44,-0.08,34.44,34.44,34.44,100000,3444000,2,TPEX_CSV,2026-07-02 16:14:07 +0800
1150702,2026-07-02,上櫃,00836B,永豐10年A公司債,28.96,-0.03,29.00,29.00,28.96,4000,115900,4,TPEX_CSV,2026-07-02 16:14:07 +0800
1150702,2026-07-02,上櫃,00840B,凱基IG精選15+,30.29,-0.04,30.29,30.29,30.29,100000,3029000,2,TPEX_CSV,2026-07-02 16:14:07 +0800
1150702,2026-07-02,上櫃,00841B,凱基AAA-AA公司債,29.19,-0.08,29.19,29.19,29.19,100000,2919000,2,TPEX_CSV,2026-07-02 16:14:07 +0800
1150702,2026-07-02,上櫃,00842B,台新美元銀行債,31.05,+0.01,31.11,31.11,31.03,197000,6120080,38,TPEX_CSV,2026-07-02 16:14:07 +0800
1150702,2026-07-02,上櫃,00844B,新光15年IG金融債,32.04,+0.02,32.04,32.04,32.04,105000,3364200,4,TPEX_CSV,2026-07-02 16:14:07 +0800
1150702,2026-07-02,上櫃,00845B,富邦新興投等債,33.54,0.00,33.55,33.55,33.54,101000,3387550,3,TPEX_CSV,2026-07-02 16:14:07 +0800
1150702,2026-07-02,上櫃,00846B,富邦歐洲銀行債,36.28,-0.03,36.31,36.31,36.28,101000,3664310,5,TPEX_CSV,2026-07-02 16:14:07 +0800
1150702,2026-07-02,上櫃,00847B,中信美國市政債,25.75,-0.14,25.76,25.76,25.75,300000,7727000,6,TPEX_CSV,2026-07-02 16:14:07 +0800
1150702,2026-07-02,上櫃,00848B,中信新興亞洲債,34.54,-0.06,34.56,34.56,34.54,350000,12093000,7,TPEX_CSV,2026-07-02 16:14:07 +0800
1150702,2026-07-02,上櫃,00849B,中信EM主權債0-5,37.59,0.00,37.60,37.63,37.58,311000,11690650,17,TPEX_CSV,2026-07-02 16:14:07 +0800
1150702,2026-07-02,上櫃,00853B,統一美債10年Aa-A,27.87,+0.01,27.85,27.91,27.83,1082000,30157770,29,TPEX_CSV,2026-07-02 16:14:07 +0800
1150702,2026-07-02,上櫃,00856B,永豐1-3年美公債,37.59,+0.01,37.59,37.59,37.59,1000,37590,1,TPEX_CSV,2026-07-02 16:14:07 +0800
1150702,2026-07-02,上櫃,00857B,永豐20年美公債,23.30,-0.09,23.33,23.38,23.30,1545000,36068720,90,TPEX_CSV,2026-07-02 16:14:07 +0800
1150702,2026-07-02,上櫃,00858,永豐美國500大,36.45,+0.03,36.40,36.48,36.36,454000,16543620,141,TPEX_CSV,2026-07-02 16:14:07 +0800
1150702,2026-07-02,上櫃,00859B,群益0-1年美債,40.90,+0.01,40.93,40.94,40.87,2692000,110101180,76,TPEX_CSV,2026-07-02 16:14:07 +0800
1150702,2026-07-02,上櫃,00860B,群益1-5Y投資級債,38.25,-0.04,38.26,38.28,38.25,105000,4017800,5,TPEX_CSV,2026-07-02 16:14:07 +0800
1150702,2026-07-02,上櫃,00862B,中信投資級公司債,31.86,-0.07,31.94,31.95,31.86,880000,28062960,32,TPEX_CSV,2026-07-02 16:14:07 +0800
1150702,2026-07-02,上櫃,00863B,中信全球電信債,32.11,-0.02,32.12,32.15,32.11,341000,10952550,12,TPEX_CSV,2026-07-02 16:14:07 +0800
1150702,2026-07-02,上櫃,00864B,中信美國公債0-1,46.38,+0.02,46.41,46.43,46.36,860000,39889650,117,TPEX_CSV,2026-07-02 16:14:07 +0800
1150702,2026-07-02,上櫃,00867B,新光A-BBB電信債,31.32,+0.02,31.34,31.34,31.32,6000,187940,6,TPEX_CSV,2026-07-02 16:14:07 +0800
1150702,2026-07-02,上櫃,00870B,元大15年EM主權債,28.87,-0.08,28.87,28.87,28.87,1000,28870,1,TPEX_CSV,2026-07-02 16:14:07 +0800
1150702,2026-07-02,上櫃,00877,復華中國5G,44.81,-3.37,47.45,47.58,44.80,10230000,466954100,3399,TPEX_CSV,2026-07-02 16:14:07 +0800
1150702,2026-07-02,上櫃,00884B,中信低碳新興債,30.06,-0.04,30.14,30.14,30.06,303000,9110320,8,TPEX_CSV,2026-07-02 16:14:07 +0800
1150702,2026-07-02,上櫃,00886,永豐美國科技,45.75,-0.50,46.25,46.25,45.75,3000,137750,3,TPEX_CSV,2026-07-02 16:14:07 +0800
1150702,2026-07-02,上櫃,00887,永豐中國科技50大,19.80,-1.15,20.83,20.85,19.68,16321000,327257950,3912,TPEX_CSV,2026-07-02 16:14:07 +0800
1150702,2026-07-02,上櫃,00888,永豐台灣ESG,37.76,-0.27,37.35,37.89,37.06,28044000,1050648560,8547,TPEX_CSV,2026-07-02 16:14:07 +0800
1150702,2026-07-02,上櫃,00890B,凱基ESG BBB債15+,32.69,0.00,32.69,32.69,32.69,101000,3301690,3,TPEX_CSV,2026-07-02 16:14:07 +0800
1150702,2026-07-02,上櫃,00928,中信上櫃ESG 30,38.46,+0.72,37.40,38.54,37.00,2233000,84831550,322,TPEX_CSV,2026-07-02 16:14:07 +0800
1150702,2026-07-02,上櫃,00931B,統一美債20年,13.63,-0.07,13.67,13.67,13.63,1382000,18881430,182,TPEX_CSV,2026-07-02 16:14:07 +0800
1150702,2026-07-02,上櫃,00933B,國泰10Y+金融債,16.19,0.00,16.21,16.22,16.18,3946000,63919730,564,TPEX_CSV,2026-07-02 16:14:07 +0800
1150702,2026-07-02,上櫃,00937B,群益ESG投等債20+,15.00,-0.01,15.01,15.02,14.98,33667000,505048940,2676,TPEX_CSV,2026-07-02 16:14:07 +0800
1150702,2026-07-02,上櫃,00942B,台新美A公司債20+,14.44,-0.01,14.45,14.45,14.42,569000,8218720,42,TPEX_CSV,2026-07-02 16:14:07 +0800
1150702,2026-07-02,上櫃,00948B,中信優息投資級債,9.56,-0.01,9.54,9.58,9.54,5732000,54807720,578,TPEX_CSV,2026-07-02 16:14:07 +0800
1150702,2026-07-02,上櫃,00950B,凱基A級公司債,14.18,除息,14.20,14.20,14.16,8378000,118889220,2653,TPEX_CSV,2026-07-02 16:14:07 +0800
1150702,2026-07-02,上櫃,00955,中信日本商社,14.11,+0.38,14.04,14.18,14.04,8008000,113110490,1676,TPEX_CSV,2026-07-02 16:14:07 +0800
1150702,2026-07-02,上櫃,00957B,兆豐US優選投等債,13.60,-0.04,13.59,13.63,13.59,225000,3063060,21,TPEX_CSV,2026-07-02 16:14:07 +0800
1150702,2026-07-02,上櫃,00958B,永豐ESG銀行債15+,9.40,-0.01,9.38,9.41,9.38,255000,2396510,22,TPEX_CSV,2026-07-02 16:14:07 +0800
1150702,2026-07-02,上櫃,00959B,大華投等美債15Y+,9.46,除息,9.48,9.48,9.45,375000,3546920,86,TPEX_CSV,2026-07-02 16:14:07 +0800
1150702,2026-07-02,上櫃,00966B,統一ESG投等債15+,14.06,除息,14.06,14.07,14.06,439000,6172360,22,TPEX_CSV,2026-07-02 16:14:07 +0800
1150702,2026-07-02,上櫃,00967B,元大優息美債,9.18,-0.04,9.17,9.22,9.17,197000,1811480,22,TPEX_CSV,2026-07-02 16:14:07 +0800
1150702,2026-07-02,上櫃,00968B,元大優息投等債,9.35,0.00,9.35,9.37,9.34,3082000,28839250,105,TPEX_CSV,2026-07-02 16:14:07 +0800
1150702,2026-07-02,上櫃,00969B,元大零息超長美債,8.49,-0.05,8.51,8.51,8.48,474000,4023420,38,TPEX_CSV,2026-07-02 16:14:07 +0800
1150702,2026-07-02,上櫃,00970B,新光BBB投等債20+,9.49,-0.01,9.48,9.50,9.48,721000,6842020,58,TPEX_CSV,2026-07-02 16:14:07 +0800
1150702,2026-07-02,上櫃,009806,台新標普500,13.29,+0.01,13.28,13.33,13.28,108000,1435700,13,TPEX_CSV,2026-07-02 16:14:07 +0800
1150702,2026-07-02,上櫃,009807,台新標普科技精選,16.84,-0.33,16.73,16.86,16.73,18000,303130,12,TPEX_CSV,2026-07-02 16:14:07 +0800
1150702,2026-07-02,上櫃,00980B,台新特選IG債10+,9.59,-0.01,9.58,9.59,9.58,127000,1217900,7,TPEX_CSV,2026-07-02 16:14:07 +0800
1150702,2026-07-02,上櫃,00980D,主動聯博投等入息,20.53,0.00,20.50,20.55,20.50,448000,9197460,25,TPEX_CSV,2026-07-02 16:14:07 +0800
1150702,2026-07-02,上櫃,00980T,平衡凱基美國TOP,11.35,+0.05,11.63,11.63,11.32,196000,2223810,49,TPEX_CSV,2026-07-02 16:14:07 +0800
1150702,2026-07-02,上櫃,009814,富邦標普500,11.11,+0.01,11.03,11.12,11.03,1259000,13987610,203,TPEX_CSV,2026-07-02 16:14:07 +0800
1150702,2026-07-02,上櫃,009815,大華美國MAG7+,11.22,-0.04,11.24,11.28,11.21,4681000,52657110,572,TPEX_CSV,2026-07-02 16:14:07 +0800
1150702,2026-07-02,上櫃,00981B,第一金優選非投債,9.25,0.00,9.25,9.26,9.24,7441000,68848640,509,TPEX_CSV,2026-07-02 16:14:07 +0800
1150702,2026-07-02,上櫃,00981D,主動中信非投等債,10.41,+0.01,10.40,10.43,10.40,2431000,25328150,227,TPEX_CSV,2026-07-02 16:14:07 +0800
1150702,2026-07-02,上櫃,009822,華南永昌未來金融,9.82,+0.03,9.81,9.89,9.81,933000,9202390,124,TPEX_CSV,2026-07-02 16:14:07 +0800
1150702,2026-07-02,上櫃,009823,群益S&P500,10.22,+0.03,10.19,10.23,10.18,9292000,94875650,1741,TPEX_CSV,2026-07-02 16:14:07 +0800
1150702,2026-07-02,上櫃,00982B,FT投資級債20+,9.94,0.00,9.94,9.94,9.94,4000,39760,2,TPEX_CSV,2026-07-02 16:14:07 +0800
1150702,2026-07-02,上櫃,00983B,大華優利美公債20,15.75,除息,15.76,15.76,15.74,222000,3498050,12,TPEX_CSV,2026-07-02 16:14:07 +0800
1150702,2026-07-02,上櫃,00984B,大華優利美A債15,16.44,除息,16.46,16.46,16.42,2012000,33060870,186,TPEX_CSV,2026-07-02 16:14:07 +0800
1150702,2026-07-02,上櫃,00985D,主動貝萊德優投等,10.25,-0.03,10.28,10.28,10.24,861000,8825350,88,TPEX_CSV,2026-07-02 16:14:07 +0800
1150702,2026-07-02,上櫃,00986B,FT金融債10+,----,除息,----,----,----,0,0,0,TPEX_CSV,2026-07-02 16:14:07 +0800
1150702,2026-07-02,上櫃,00986D,主動復華金融債息,14.84,-0.04,14.87,14.87,14.84,316000,4691820,71,TPEX_CSV,2026-07-02 16:14:07 +0800
1150702,2026-07-02,上櫃,00987B,野村10+澳洲公債,15.80,-0.06,15.84,15.84,15.80,356000,5626840,96,TPEX_CSV,2026-07-02 16:14:07 +0800
1150702,2026-07-02,上櫃,00988B,玉山嚴選非投債,19.84,-0.02,19.84,19.85,19.82,2446000,48511270,276,TPEX_CSV,2026-07-02 16:14:07 +0800
1150702,2026-07-02,上櫃,00989B,台新美國非投等債,10.19,+0.01,10.19,10.22,10.19,2564000,26132270,33,TPEX_CSV,2026-07-02 16:14:07 +0800
1150702,2026-07-02,上櫃,00998A,主動復華金融股息,16.77,+0.19,16.62,16.80,16.62,4328000,72584570,459,TPEX_CSV,2026-07-02 16:14:07 +0800
