日期,西元日期,市場,股票代號,股票名稱,收盤價,漲跌,開盤價,最高價,最低價,成交股數,成交金額,成交筆數,資料來源,下載時間
1150819,2026-08-19,上市,00400A,主動國泰動能高息,14.51,-0.2500,14.39,14.72,14.36,38690696,562339504,10438,TWSE_CSV,2026-08-20 14:40:16 +0800
1150819,2026-08-19,上市,00401A,主動摩根台灣鑫收,13.26,-0.1900,13.20,13.38,13.15,12545008,166399830,1173,TWSE_CSV,2026-08-20 14:40:16 +0800
1150819,2026-08-19,上市,00402A,主動安聯美國科技,9.64,-0.2300,9.72,9.72,9.63,4318078,41745881,1319,TWSE_CSV,2026-08-20 14:40:16 +0800
1150819,2026-08-19,上市,00403A,主動統一升級50,9.97,-0.1900,9.87,10.10,9.80,194875891,1943676964,41099,TWSE_CSV,2026-08-20 14:40:16 +0800
1150819,2026-08-19,上市,00404A,主動聯博動能50,9.41,-0.1100,9.29,9.47,9.29,5497943,51843851,918,TWSE_CSV,2026-08-20 14:40:16 +0800
1150819,2026-08-19,上市,00405A,主動富邦台灣龍耀,8.47,-0.1300,8.34,8.64,8.33,93901339,798278064,9488,TWSE_CSV,2026-08-20 14:40:16 +0800
1150819,2026-08-19,上市,00406A,主動中信台灣收益,9.50,-0.1800,9.50,9.68,9.43,207370569,1977827497,38042,TWSE_CSV,2026-08-20 14:40:16 +0800
1150819,2026-08-19,上市,00407A,主動凱基台灣,9.51,-0.2200,9.45,9.65,9.43,43634450,415527915,8546,TWSE_CSV,2026-08-20 14:40:16 +0800
1150819,2026-08-19,上市,00408A,主動第一金優股息,10.33,-0.1900,10.31,10.47,10.30,1583207,16421511,342,TWSE_CSV,2026-08-20 14:40:16 +0800
1150819,2026-08-19,上市,00410A,主動永豐科技趨勢,11.20,-0.1500,11.10,11.30,10.98,5238311,58521120,959,TWSE_CSV,2026-08-20 14:40:16 +0800
1150819,2026-08-19,上市,0050,元大台灣50,103.10,-1.8000,103.05,103.85,102.70,100818593,10411883849,192749,TWSE_CSV,2026-08-20 14:40:16 +0800
1150819,2026-08-19,上市,0051,元大中型100,141.00,-1.2500,140.00,141.80,140.00,26714,3764956,509,TWSE_CSV,2026-08-20 14:40:16 +0800
1150819,2026-08-19,上市,0052,富邦科技,60.15,-0.7500,59.65,60.45,59.65,12817722,770398693,15687,TWSE_CSV,2026-08-20 14:40:16 +0800
1150819,2026-08-19,上市,0053,元大電子,234.65,-4.3500,233.35,236.25,232.75,68493,16149503,1872,TWSE_CSV,2026-08-20 14:40:16 +0800
1150819,2026-08-19,上市,0055,元大MSCI金融,43.55,-0.4100,44.00,44.00,43.45,152549,6643758,879,TWSE_CSV,2026-08-20 14:40:16 +0800
1150819,2026-08-19,上市,0056,元大高股息,52.00,-0.7000,51.70,52.15,51.50,29889911,1550366680,31997,TWSE_CSV,2026-08-20 14:40:16 +0800
1150819,2026-08-19,上市,0057,富邦摩台,307.80,-5.7000,310.50,310.70,307.80,30730,9508505,1985,TWSE_CSV,2026-08-20 14:40:16 +0800
1150819,2026-08-19,上市,0061,元大寶滬深,24.45,-0.3500,24.80,24.81,24.33,163566,4015553,288,TWSE_CSV,2026-08-20 14:40:16 +0800
1150819,2026-08-19,上市,006203,元大MSCI台灣,188.10,-2.7000,187.75,189.10,186.95,60270,11381885,1786,TWSE_CSV,2026-08-20 14:40:16 +0800
1150819,2026-08-19,上市,006204,永豐臺灣加權,222.65,-4.1000,222.90,222.95,222.65,43471,9689246,125,TWSE_CSV,2026-08-20 14:40:16 +0800
1150819,2026-08-19,上市,006205,富邦上証,40.50,-0.5100,41.04,41.14,40.26,428646,17458379,378,TWSE_CSV,2026-08-20 14:40:16 +0800
1150819,2026-08-19,上市,006206,元大上證50,37.24,-0.4400,38.59,38.59,37.02,151348,5647166,194,TWSE_CSV,2026-08-20 14:40:16 +0800
1150819,2026-08-19,上市,006207,復華滬深,32.28,-0.7000,33.10,33.10,32.28,192509,6255900,115,TWSE_CSV,2026-08-20 14:40:16 +0800
1150819,2026-08-19,上市,006208,富邦台50,236.75,-3.9500,236.20,237.40,235.05,2859041,676308639,16761,TWSE_CSV,2026-08-20 14:40:16 +0800
1150819,2026-08-19,上市,00625K,富邦上証+R,0.00,0.0000,0.00,0.00,0.00,0,0,0,TWSE_CSV,2026-08-20 14:40:16 +0800
1150819,2026-08-19,上市,00631L,元大台灣50正2,33.96,-0.8500,33.50,34.17,33.48,193543865,6553058859,75917,TWSE_CSV,2026-08-20 14:40:16 +0800
1150819,2026-08-19,上市,00632R,元大台灣50反1,10.26,0.1300,10.31,10.32,10.21,206165341,2116251386,17097,TWSE_CSV,2026-08-20 14:40:16 +0800
1150819,2026-08-19,上市,00633L,富邦上証正2,48.40,-1.8500,50.35,50.35,48.20,5435851,265735259,1001,TWSE_CSV,2026-08-20 14:40:16 +0800
1150819,2026-08-19,上市,00634R,富邦上証反1,3.11,0.0500,3.06,3.11,3.06,2684700,8316789,52,TWSE_CSV,2026-08-20 14:40:16 +0800
1150819,2026-08-19,上市,00635U,期元大S&P黃金,44.97,-0.5200,44.90,45.16,44.80,1762689,79323543,2116,TWSE_CSV,2026-08-20 14:40:16 +0800
1150819,2026-08-19,上市,00636,國泰中國A50,27.87,-0.3500,28.30,28.32,27.77,919055,25641276,907,TWSE_CSV,2026-08-20 14:40:16 +0800
1150819,2026-08-19,上市,00636K,國泰中國A50+U,8.81,-0.1100,8.81,8.81,8.81,200,1762,2,TWSE_CSV,2026-08-20 14:40:16 +0800
1150819,2026-08-19,上市,00637L,元大滬深300正2,20.01,-0.8100,20.75,20.88,19.93,25796273,523166587,5613,TWSE_CSV,2026-08-20 14:40:16 +0800
1150819,2026-08-19,上市,00638R,元大滬深300反1,6.69,0.1300,6.56,6.69,6.56,666389,4435624,54,TWSE_CSV,2026-08-20 14:40:16 +0800
1150819,2026-08-19,上市,00639,富邦深100,16.67,-0.5400,17.25,17.25,16.60,1199645,20195089,702,TWSE_CSV,2026-08-20 14:40:16 +0800
1150819,2026-08-19,上市,00640L,富邦日本正2,104.00,-6.9500,106.95,106.95,103.50,394793,41338345,424,TWSE_CSV,2026-08-20 14:40:16 +0800
1150819,2026-08-19,上市,00641R,富邦日本反1,3.77,0.1100,3.74,3.77,3.73,2749240,10314228,206,TWSE_CSV,2026-08-20 14:40:16 +0800
1150819,2026-08-19,上市,00642U,期元大S&P石油,28.13,0.0300,28.32,28.32,28.12,2543867,71816776,754,TWSE_CSV,2026-08-20 14:40:16 +0800
1150819,2026-08-19,上市,00643,群益深証中小,18.48,-0.6200,19.20,19.20,18.48,2677671,49917604,220,TWSE_CSV,2026-08-20 14:40:16 +0800
1150819,2026-08-19,上市,00643K,群益深証中小+R,3.98,0.0000,4.08,4.08,3.98,39000,158130,12,TWSE_CSV,2026-08-20 14:40:16 +0800
1150819,2026-08-19,上市,00645,富邦日本,56.70,-1.7000,57.50,57.50,56.60,189405,10772531,631,TWSE_CSV,2026-08-20 14:40:16 +0800
1150819,2026-08-19,上市,00646,元大S&P500,77.10,-0.1500,77.20,77.45,76.95,2725872,210143577,4072,TWSE_CSV,2026-08-20 14:40:16 +0800
1150819,2026-08-19,上市,00647L,元大S&P500正2,139.25,-0.9500,139.95,139.95,139.25,24120,3367305,81,TWSE_CSV,2026-08-20 14:40:16 +0800
1150819,2026-08-19,上市,00648R,元大S&P500反1,3.93,0.0100,3.93,3.93,3.91,2075123,8135683,91,TWSE_CSV,2026-08-20 14:40:16 +0800
1150819,2026-08-19,上市,00650L,復華香港正2,17.19,0.2500,16.99,17.25,16.95,1542580,26400430,365,TWSE_CSV,2026-08-20 14:40:16 +0800
1150819,2026-08-19,上市,00651R,復華香港反1,5.16,-0.0500,5.17,5.18,5.16,280504,1450334,27,TWSE_CSV,2026-08-20 14:40:16 +0800
1150819,2026-08-19,上市,00652,富邦印度,32.95,-0.2000,33.00,33.21,32.95,177384,5874650,464,TWSE_CSV,2026-08-20 14:40:16 +0800
1150819,2026-08-19,上市,00653L,富邦印度正2,46.43,-0.4300,46.86,46.90,46.39,55661,2591976,43,TWSE_CSV,2026-08-20 14:40:16 +0800
1150819,2026-08-19,上市,00654R,富邦印度反1,6.74,0.0300,6.74,6.74,6.74,1000,6740,1,TWSE_CSV,2026-08-20 14:40:16 +0800
1150819,2026-08-19,上市,00655L,國泰中國A50正2,33.69,-1.3100,35.03,35.10,33.52,1500118,51343262,434,TWSE_CSV,2026-08-20 14:40:16 +0800
1150819,2026-08-19,上市,00656R,國泰中國A50反1,5.87,0.1100,5.77,5.88,5.77,657210,3814548,23,TWSE_CSV,2026-08-20 14:40:16 +0800
1150819,2026-08-19,上市,00657,國泰日經225,76.90,-2.5500,77.10,77.10,76.75,26623,2048282,93,TWSE_CSV,2026-08-20 14:40:16 +0800
1150819,2026-08-19,上市,00657K,國泰日經225+U,24.28,-0.8600,24.28,24.28,24.28,200,4856,2,TWSE_CSV,2026-08-20 14:40:16 +0800
1150819,2026-08-19,上市,00660,元大歐洲50,46.61,-0.4900,46.77,46.87,46.60,60759,2842812,83,TWSE_CSV,2026-08-20 14:40:16 +0800
1150819,2026-08-19,上市,00661,元大日經225,84.70,-3.0500,85.55,85.85,84.50,386701,32914977,320,TWSE_CSV,2026-08-20 14:40:16 +0800
1150819,2026-08-19,上市,00662,富邦NASDAQ,120.25,-1.5000,120.95,121.20,120.20,4333981,522533836,5424,TWSE_CSV,2026-08-20 14:40:16 +0800
1150819,2026-08-19,上市,00663L,國泰臺灣加權正2,97.60,-2.5000,96.25,98.35,96.20,6306229,614465043,3851,TWSE_CSV,2026-08-20 14:40:16 +0800
1150819,2026-08-19,上市,00664R,國泰臺灣加權反1,1.66,0.0200,1.67,1.68,1.65,52471833,86946663,1756,TWSE_CSV,2026-08-20 14:40:16 +0800
1150819,2026-08-19,上市,00665L,富邦恒生國企正2,9.50,0.2200,9.30,9.52,9.28,13182603,124402262,1093,TWSE_CSV,2026-08-20 14:40:16 +0800
1150819,2026-08-19,上市,00666R,富邦恒生國企反1,9.01,-0.1000,9.02,9.02,9.00,60283,542860,11,TWSE_CSV,2026-08-20 14:40:16 +0800
1150819,2026-08-19,上市,00668,國泰美國道瓊,62.10,-0.1000,62.30,62.30,62.10,264489,16465352,111,TWSE_CSV,2026-08-20 14:40:16 +0800
1150819,2026-08-19,上市,00668K,國泰美國道瓊+U,19.50,-0.0500,19.50,19.50,19.50,200,3900,2,TWSE_CSV,2026-08-20 14:40:16 +0800
1150819,2026-08-19,上市,00669R,國泰美國道瓊反1,5.20,0.0000,5.21,5.21,5.19,571000,2967595,73,TWSE_CSV,2026-08-20 14:40:16 +0800
1150819,2026-08-19,上市,00670L,富邦NASDAQ正2,199.50,-5.1500,200.05,201.10,199.05,774084,154976479,1096,TWSE_CSV,2026-08-20 14:40:16 +0800
1150819,2026-08-19,上市,00671R,富邦NASDAQ反1,2.44,0.0300,2.43,2.44,2.43,4449162,10836520,228,TWSE_CSV,2026-08-20 14:40:16 +0800
1150819,2026-08-19,上市,00673R,期元大S&P原油反1,12.30,-0.0200,12.25,12.31,12.22,10172802,124786740,1470,TWSE_CSV,2026-08-20 14:40:16 +0800
1150819,2026-08-19,上市,00674R,期元大S&P黃金反1,28.25,0.3400,28.29,28.29,28.15,264277,7452800,59,TWSE_CSV,2026-08-20 14:40:16 +0800
1150819,2026-08-19,上市,00675L,富邦臺灣加權正2,295.10,-8.3000,291.90,297.90,291.50,1195778,352512171,2105,TWSE_CSV,2026-08-20 14:40:16 +0800
1150819,2026-08-19,上市,00676R,富邦臺灣加權反1,5.68,0.0800,5.70,5.72,5.65,11861631,67339540,863,TWSE_CSV,2026-08-20 14:40:16 +0800
1150819,2026-08-19,上市,00678,群益那斯達克生技,42.45,0.5000,42.39,42.66,42.39,439412,18673836,155,TWSE_CSV,2026-08-20 14:40:16 +0800
1150819,2026-08-19,上市,00680L,元大美債20正2,6.36,0.0900,6.32,6.36,6.31,10666444,67612885,581,TWSE_CSV,2026-08-20 14:40:16 +0800
1150819,2026-08-19,上市,00681R,元大美債20反1,21.90,-0.1700,21.90,21.90,21.90,1001,21921,2,TWSE_CSV,2026-08-20 14:40:16 +0800
1150819,2026-08-19,上市,00682U,期元大美元指數,20.47,-0.0200,20.47,20.47,20.47,2012,41186,4,TWSE_CSV,2026-08-20 14:40:16 +0800
1150819,2026-08-19,上市,00683L,期元大美元指正2,21.48,0.0000,21.48,21.48,21.48,50000,1074000,6,TWSE_CSV,2026-08-20 14:40:16 +0800
1150819,2026-08-19,上市,00684R,期元大美元指反1,15.20,0.0000,15.11,15.20,15.11,4005,60695,3,TWSE_CSV,2026-08-20 14:40:16 +0800
1150819,2026-08-19,上市,00685L,群益臺灣加權正2,11.16,-0.2800,11.00,11.25,11.00,242585558,2700642414,50602,TWSE_CSV,2026-08-20 14:40:16 +0800
1150819,2026-08-19,上市,00686R,群益臺灣加權反1,1.02,0.0200,1.02,1.03,1.00,11850505,12009172,325,TWSE_CSV,2026-08-20 14:40:16 +0800
1150819,2026-08-19,上市,00688L,國泰20年美債正2,6.34,0.0800,6.30,6.34,6.29,5174773,32687917,270,TWSE_CSV,2026-08-20 14:40:16 +0800
1150819,2026-08-19,上市,00689R,國泰20年美債反1,22.93,-0.1400,22.93,22.93,22.93,5725,131331,8,TWSE_CSV,2026-08-20 14:40:16 +0800
1150819,2026-08-19,上市,00690,兆豐藍籌30,75.15,-1.2000,74.55,75.75,74.50,360029,27071844,1002,TWSE_CSV,2026-08-20 14:40:16 +0800
1150819,2026-08-19,上市,00692,富邦公司治理,88.50,-1.4000,88.50,89.05,88.25,923788,81876981,1978,TWSE_CSV,2026-08-20 14:40:16 +0800
1150819,2026-08-19,上市,00693U,期街口S&P黃豆,22.31,-0.0100,22.22,22.35,22.20,671927,14983476,211,TWSE_CSV,2026-08-20 14:40:16 +0800
1150819,2026-08-19,上市,00700,富邦恒生國企,17.42,0.2500,17.35,17.44,17.35,59699,1038515,326,TWSE_CSV,2026-08-20 14:40:16 +0800
1150819,2026-08-19,上市,00701,國泰股利精選30,36.77,-0.3200,37.00,37.00,36.65,309302,11381311,914,TWSE_CSV,2026-08-20 14:40:16 +0800
1150819,2026-08-19,上市,00702,國泰標普低波高息,25.10,0.1000,25.10,25.14,25.10,26943,676707,61,TWSE_CSV,2026-08-20 14:40:16 +0800
1150819,2026-08-19,上市,00703,台新MSCI中國,19.56,0.1300,19.73,19.73,19.56,47000,920003,88,TWSE_CSV,2026-08-20 14:40:16 +0800
1150819,2026-08-19,上市,00706L,期元大S&P日圓正2,18.98,0.1000,18.94,18.98,18.93,191648,3631818,74,TWSE_CSV,2026-08-20 14:40:16 +0800
1150819,2026-08-19,上市,00707R,期元大S&P日圓反1,0.00,0.0000,0.00,0.00,0.00,0,0,0,TWSE_CSV,2026-08-20 14:40:16 +0800
1150819,2026-08-19,上市,00708L,期元大S&P黃金正2,79.65,-1.8500,79.30,80.40,79.00,3527551,281188857,1954,TWSE_CSV,2026-08-20 14:40:16 +0800
1150819,2026-08-19,上市,00709,富邦歐洲,41.01,-0.0200,40.78,41.07,40.78,378961,15517974,414,TWSE_CSV,2026-08-20 14:40:16 +0800
1150819,2026-08-19,上市,00710B,復華彭博非投等債,19.07,-0.0200,19.08,19.16,19.06,527361,10060729,77,TWSE_CSV,2026-08-20 14:40:16 +0800
1150819,2026-08-19,上市,00711B,復華彭博新興債,15.62,-0.0200,15.61,15.62,15.61,104442,1630403,10,TWSE_CSV,2026-08-20 14:40:16 +0800
1150819,2026-08-19,上市,00712,復華富時不動產,8.83,0.0000,8.83,8.86,8.82,8478286,74969270,2046,TWSE_CSV,2026-08-20 14:40:16 +0800
1150819,2026-08-19,上市,00713,元大台灣高息低波,60.85,0.2000,60.50,60.90,60.25,7184419,436140522,3124,TWSE_CSV,2026-08-20 14:40:16 +0800
1150819,2026-08-19,上市,00714,群益道瓊美國地產,21.99,-0.1000,22.07,22.07,21.99,110690,2439486,78,TWSE_CSV,2026-08-20 14:40:16 +0800
1150819,2026-08-19,上市,00715L,期街口布蘭特正2,51.20,0.4000,51.60,51.85,51.15,5819550,299445304,1633,TWSE_CSV,2026-08-20 14:40:16 +0800
1150819,2026-08-19,上市,00717,富邦美國特別股,14.72,-0.1000,14.80,14.80,14.71,79264,1168883,116,TWSE_CSV,2026-08-20 14:40:16 +0800
1150819,2026-08-19,上市,00728,第一金工業30,66.30,-0.6000,65.60,66.85,65.30,161865,10737851,601,TWSE_CSV,2026-08-20 14:40:16 +0800
1150819,2026-08-19,上市,00730,富邦臺灣優質高息,28.84,0.1400,28.63,29.00,28.57,62657,1799639,417,TWSE_CSV,2026-08-20 14:40:16 +0800
1150819,2026-08-19,上市,00731,復華富時高息低波,90.35,0.0000,89.75,90.40,89.50,608436,54759870,238,TWSE_CSV,2026-08-20 14:40:16 +0800
1150819,2026-08-19,上市,00733,富邦臺灣中小,65.45,-0.7000,65.10,66.25,65.10,331800,21808404,733,TWSE_CSV,2026-08-20 14:40:16 +0800
1150819,2026-08-19,上市,00735,國泰臺韓科技,98.75,-3.2500,97.45,99.75,97.45,2784744,275443702,3712,TWSE_CSV,2026-08-20 14:40:16 +0800
1150819,2026-08-19,上市,00736,國泰新興市場,31.29,-0.2500,31.26,31.29,31.26,102282,3197465,9,TWSE_CSV,2026-08-20 14:40:16 +0800
1150819,2026-08-19,上市,00737,國泰AI機器人,40.33,-0.5500,40.79,40.79,40.30,97876,3957615,201,TWSE_CSV,2026-08-20 14:40:16 +0800
1150819,2026-08-19,上市,00738U,期元大道瓊白銀,50.10,-1.7500,50.10,50.60,49.98,3133165,157279731,1933,TWSE_CSV,2026-08-20 14:40:16 +0800
1150819,2026-08-19,上市,00739,元大MSCI A股,27.81,-0.6200,28.40,28.40,27.75,84949,2398465,91,TWSE_CSV,2026-08-20 14:40:16 +0800
1150819,2026-08-19,上市,00752,中信中國50,23.30,0.1900,23.29,23.38,23.18,591011,13771565,555,TWSE_CSV,2026-08-20 14:40:16 +0800
1150819,2026-08-19,上市,00753L,中信中國50正2,9.53,0.0700,9.51,9.59,9.47,5785692,55124347,680,TWSE_CSV,2026-08-20 14:40:16 +0800
1150819,2026-08-19,上市,00757,統一FANG+,136.35,-1.1000,137.05,137.35,136.20,3429942,468282538,2297,TWSE_CSV,2026-08-20 14:40:16 +0800
1150819,2026-08-19,上市,00762,元大全球AI,111.60,-3.8500,113.55,113.55,111.40,280669,31471116,755,TWSE_CSV,2026-08-20 14:40:16 +0800
1150819,2026-08-19,上市,00763U,期街口道瓊銅,34.26,-0.6000,34.34,34.36,34.23,382675,13125429,341,TWSE_CSV,2026-08-20 14:40:16 +0800
1150819,2026-08-19,上市,00770,國泰北美科技,67.60,-1.3500,68.15,68.15,67.60,209886,14245342,769,TWSE_CSV,2026-08-20 14:40:16 +0800
1150819,2026-08-19,上市,00771,元大US高息特別股,15.59,0.0100,15.58,15.59,15.57,58289,907768,58,TWSE_CSV,2026-08-20 14:40:16 +0800
1150819,2026-08-19,上市,00775B,台新投等債15+,30.80,0.2500,30.85,30.85,30.80,161084,4961434,5,TWSE_CSV,2026-08-20 14:40:16 +0800
1150819,2026-08-19,上市,00783,富邦中証500,28.12,-0.9900,29.12,29.12,28.12,140501,4042806,114,TWSE_CSV,2026-08-20 14:40:16 +0800
1150819,2026-08-19,上市,00830,國泰費城半導體,84.10,-3.6500,84.50,85.20,84.00,10228871,864863993,24777,TWSE_CSV,2026-08-20 14:40:16 +0800
1150819,2026-08-19,上市,00850,元大臺灣ESG永續,89.10,-1.3500,88.65,89.60,88.45,652378,58181122,2039,TWSE_CSV,2026-08-20 14:40:16 +0800
1150819,2026-08-19,上市,00851,台新全球AI,70.40,-1.4500,70.40,70.40,70.40,1837,129309,107,TWSE_CSV,2026-08-20 14:40:16 +0800
1150819,2026-08-19,上市,00852L,國泰美國道瓊正2,35.51,-0.1700,35.55,35.55,35.51,9214,327455,14,TWSE_CSV,2026-08-20 14:40:16 +0800
1150819,2026-08-19,上市,00861,元大全球未來通訊,85.70,-2.6000,87.60,87.60,85.65,41573,3579180,875,TWSE_CSV,2026-08-20 14:40:16 +0800
1150819,2026-08-19,上市,00865B,國泰US短期公債,48.86,0.0100,48.85,49.00,48.84,1553899,75978472,537,TWSE_CSV,2026-08-20 14:40:16 +0800
1150819,2026-08-19,上市,00875,國泰網路資安,54.95,-0.1500,55.10,55.40,54.95,67467,3720337,590,TWSE_CSV,2026-08-20 14:40:16 +0800
1150819,2026-08-19,上市,00876,元大全球5G,87.95,-2.9500,89.35,89.35,87.60,238840,21077045,3947,TWSE_CSV,2026-08-20 14:40:16 +0800
1150819,2026-08-19,上市,00878,國泰永續高股息,32.30,-0.0800,32.03,32.38,31.92,39841825,1281096429,32204,TWSE_CSV,2026-08-20 14:40:16 +0800
1150819,2026-08-19,上市,00881,國泰台灣科技龍頭,48.54,-0.9400,48.24,48.98,48.20,47412727,2307178895,38540,TWSE_CSV,2026-08-20 14:40:16 +0800
1150819,2026-08-19,上市,00882,中信中國高股息,15.00,0.1100,14.85,15.00,14.85,4238490,63422059,1151,TWSE_CSV,2026-08-20 14:40:16 +0800
1150819,2026-08-19,上市,00885,富邦越南,17.45,-0.1500,17.60,17.60,17.44,1071965,18759496,1060,TWSE_CSV,2026-08-20 14:40:16 +0800
1150819,2026-08-19,上市,00891,中信關鍵半導體,33.12,-0.7600,33.00,33.50,32.87,22218612,738015789,15816,TWSE_CSV,2026-08-20 14:40:16 +0800
1150819,2026-08-19,上市,00892,富邦台灣半導體,39.15,-0.3500,38.48,39.49,38.38,3128614,122441083,1339,TWSE_CSV,2026-08-20 14:40:16 +0800
1150819,2026-08-19,上市,00893,國泰智能電動車,42.84,-1.2200,43.22,43.22,42.80,458181,19676357,848,TWSE_CSV,2026-08-20 14:40:16 +0800
1150819,2026-08-19,上市,00894,中信小資高價30,45.30,-1.2300,45.43,46.15,45.10,2421998,110290806,2490,TWSE_CSV,2026-08-20 14:40:16 +0800
1150819,2026-08-19,上市,00895,富邦未來車,49.24,-1.1600,49.57,49.60,49.18,116906,5773084,610,TWSE_CSV,2026-08-20 14:40:16 +0800
1150819,2026-08-19,上市,00896,中信綠能及電動車,26.89,-0.4200,26.80,27.06,26.61,3247311,87327262,2132,TWSE_CSV,2026-08-20 14:40:16 +0800
1150819,2026-08-19,上市,00897,富邦基因免疫生技,12.00,0.0500,12.02,12.08,11.99,569041,6851031,452,TWSE_CSV,2026-08-20 14:40:16 +0800
1150819,2026-08-19,上市,00898,國泰基因免疫革命,10.17,0.0500,10.16,10.23,10.16,1028904,10492535,429,TWSE_CSV,2026-08-20 14:40:16 +0800
1150819,2026-08-19,上市,00899,FT潔淨能源,23.40,-0.4700,23.40,23.41,23.40,23752,555790,108,TWSE_CSV,2026-08-20 14:40:16 +0800
1150819,2026-08-19,上市,00900,富邦特選高股息30,18.67,0.0600,18.44,18.70,18.42,5072788,94140321,1404,TWSE_CSV,2026-08-20 14:40:16 +0800
1150819,2026-08-19,上市,00901,永豐智能車供應鏈,44.45,-1.0100,44.46,44.91,44.37,70807,3151984,341,TWSE_CSV,2026-08-20 14:40:16 +0800
1150819,2026-08-19,上市,00902,中信電池及儲能,13.39,-0.3000,13.43,13.53,13.33,853633,11472954,610,TWSE_CSV,2026-08-20 14:40:16 +0800
1150819,2026-08-19,上市,00903,富邦元宇宙,21.16,-0.4500,21.22,21.22,21.16,18365,388939,165,TWSE_CSV,2026-08-20 14:40:16 +0800
1150819,2026-08-19,上市,00904,台新臺灣半導體30,38.76,-0.7000,38.54,39.05,38.46,686676,26635666,756,TWSE_CSV,2026-08-20 14:40:16 +0800
1150819,2026-08-19,上市,00905,FT臺灣Smart,25.59,-0.4600,25.44,25.83,25.43,746026,19127904,1418,TWSE_CSV,2026-08-20 14:40:16 +0800
1150819,2026-08-19,上市,00907,永豐優息存股,17.06,-0.0100,17.07,17.10,16.88,1127891,19174143,336,TWSE_CSV,2026-08-20 14:40:16 +0800
1150819,2026-08-19,上市,00908,富邦入息REITs+,15.26,-0.0700,15.28,15.28,15.26,17686,269877,242,TWSE_CSV,2026-08-20 14:40:16 +0800
1150819,2026-08-19,上市,00909,國泰數位支付服務,42.58,-1.5500,42.87,42.87,42.48,2006385,85564500,2051,TWSE_CSV,2026-08-20 14:40:16 +0800
1150819,2026-08-19,上市,00910,第一金太空衛星,61.55,-1.6000,61.80,61.95,61.50,563285,34758624,1643,TWSE_CSV,2026-08-20 14:40:16 +0800
1150819,2026-08-19,上市,00911,兆豐洲際半導體,53.15,-2.3500,53.80,53.90,53.15,586957,31448160,4673,TWSE_CSV,2026-08-20 14:40:16 +0800
1150819,2026-08-19,上市,00912,中信臺灣智慧50,33.60,-0.6700,33.80,33.84,33.51,167086,5629148,440,TWSE_CSV,2026-08-20 14:40:16 +0800
1150819,2026-08-19,上市,00913,兆豐台灣晶圓製造,44.86,-1.5900,44.82,45.49,44.61,1972738,88921167,1832,TWSE_CSV,2026-08-20 14:40:16 +0800
1150819,2026-08-19,上市,00915,凱基優選高股息30,31.23,-0.0300,31.01,31.29,30.86,844170,26205270,778,TWSE_CSV,2026-08-20 14:40:16 +0800
1150819,2026-08-19,上市,00916,國泰全球品牌50,26.61,0.1100,26.32,26.70,26.32,284563,7575475,444,TWSE_CSV,2026-08-20 14:40:16 +0800
1150819,2026-08-19,上市,00917,中信特選金融,24.23,0.0800,24.22,24.24,24.20,235789,5710476,202,TWSE_CSV,2026-08-20 14:40:16 +0800
1150819,2026-08-19,上市,00918,大華優利高填息30,33.82,0.0300,33.40,33.88,33.36,13028402,437328983,6870,TWSE_CSV,2026-08-20 14:40:16 +0800
1150819,2026-08-19,上市,00919,群益台灣精選高息,30.39,0.0500,30.15,30.44,30.05,40346797,1220097430,22104,TWSE_CSV,2026-08-20 14:40:16 +0800
1150819,2026-08-19,上市,00920,富邦ESG綠色電力,24.32,-0.6200,24.39,24.40,24.30,69568,1694070,353,TWSE_CSV,2026-08-20 14:40:16 +0800
1150819,2026-08-19,上市,00921,兆豐龍頭等權重,23.79,-0.1300,23.68,23.79,23.64,49360,1169630,288,TWSE_CSV,2026-08-20 14:40:16 +0800
1150819,2026-08-19,上市,00922,國泰台灣領袖50,39.93,-0.6500,39.82,40.16,39.71,7282722,291190643,5942,TWSE_CSV,2026-08-20 14:40:16 +0800
1150819,2026-08-19,上市,00923,群益台ESG低碳50,38.43,-0.7500,38.30,38.74,38.21,10891808,419471447,10318,TWSE_CSV,2026-08-20 14:40:16 +0800
1150819,2026-08-19,上市,00924,復華S&P500成長,33.10,-0.3000,33.25,33.30,33.08,1153601,38284977,1553,TWSE_CSV,2026-08-20 14:40:16 +0800
1150819,2026-08-19,上市,00926,凱基全球菁英55,26.13,-0.1700,26.15,26.22,26.13,206124,5392746,404,TWSE_CSV,2026-08-20 14:40:16 +0800
1150819,2026-08-19,上市,00927,群益半導體收益,35.36,-0.2900,34.63,35.57,34.58,12452881,439331860,6467,TWSE_CSV,2026-08-20 14:40:16 +0800
1150819,2026-08-19,上市,00929,復華台灣科技優息,28.52,0.0000,28.03,28.58,28.01,36392013,1031807824,12495,TWSE_CSV,2026-08-20 14:40:16 +0800
1150819,2026-08-19,上市,00930,永豐ESG低碳高息,23.56,-0.1700,23.53,23.62,23.40,101295,2383927,119,TWSE_CSV,2026-08-20 14:40:16 +0800
1150819,2026-08-19,上市,00932,兆豐永續高息等權,17.37,0.0700,17.18,17.39,17.18,255012,4408898,340,TWSE_CSV,2026-08-20 14:40:16 +0800
1150819,2026-08-19,上市,00934,中信成長高股息,28.55,0.1000,28.09,28.65,28.08,1462226,41432273,969,TWSE_CSV,2026-08-20 14:40:16 +0800
1150819,2026-08-19,上市,00935,野村臺灣新科技50,55.90,-0.9500,55.15,56.45,55.15,7582760,423575671,7499,TWSE_CSV,2026-08-20 14:40:16 +0800
1150819,2026-08-19,上市,00936,台新永續高息中小,20.82,0.1400,20.48,20.85,20.48,589680,12204495,240,TWSE_CSV,2026-08-20 14:40:16 +0800
1150819,2026-08-19,上市,00938,凱基優選30,24.42,-0.2100,24.55,24.55,24.33,1063045,25934935,348,TWSE_CSV,2026-08-20 14:40:16 +0800
1150819,2026-08-19,上市,00939,統一台灣高息動能,22.29,-0.0300,22.19,22.32,22.09,1872743,41572684,790,TWSE_CSV,2026-08-20 14:40:16 +0800
1150819,2026-08-19,上市,00940,元大台灣價值高息,12.40,0.0500,12.22,12.43,12.20,11905661,147080552,3883,TWSE_CSV,2026-08-20 14:40:16 +0800
1150819,2026-08-19,上市,00941,中信上游半導體,25.95,-0.7300,26.05,26.08,25.91,1577039,41002860,1447,TWSE_CSV,2026-08-20 14:40:16 +0800
1150819,2026-08-19,上市,00943,兆豐電子高息等權,21.22,-0.0400,21.21,21.24,21.10,15615,331122,82,TWSE_CSV,2026-08-20 14:40:16 +0800
1150819,2026-08-19,上市,00944,野村趨勢動能高息,20.49,-0.0600,20.35,20.49,20.35,131367,2683170,300,TWSE_CSV,2026-08-20 14:40:16 +0800
1150819,2026-08-19,上市,00945B,凱基美國非投等債,14.46,0.0000,14.45,14.48,14.44,5970571,86330591,545,TWSE_CSV,2026-08-20 14:40:16 +0800
1150819,2026-08-19,上市,00946,群益科技高息成長,15.33,0.1700,15.00,15.35,14.93,1381089,20894076,858,TWSE_CSV,2026-08-20 14:40:16 +0800
1150819,2026-08-19,上市,00947,台新臺灣IC設計,35.48,-1.0000,35.00,35.85,35.00,7098415,251935229,4521,TWSE_CSV,2026-08-20 14:40:16 +0800
1150819,2026-08-19,上市,00949,復華日本龍頭,21.30,-0.5300,21.60,21.60,21.27,466043,9965594,630,TWSE_CSV,2026-08-20 14:40:16 +0800
1150819,2026-08-19,上市,00951,台新日本半導體,17.16,-0.8500,17.44,17.51,17.05,3874561,66862058,1944,TWSE_CSV,2026-08-20 14:40:16 +0800
1150819,2026-08-19,上市,00952,凱基台灣AI50,17.69,-0.0300,17.64,17.80,17.48,2695442,47705667,662,TWSE_CSV,2026-08-20 14:40:16 +0800
1150819,2026-08-19,上市,00953B,群益優選非投等債,9.66,0.0000,9.68,9.70,9.66,55880882,540956330,5437,TWSE_CSV,2026-08-20 14:40:16 +0800
1150819,2026-08-19,上市,00954,中信日本半導體,18.29,-0.8500,18.50,18.66,18.18,2765848,50864638,1448,TWSE_CSV,2026-08-20 14:40:16 +0800
1150819,2026-08-19,上市,00956,中信日經高股息,13.00,-0.2300,13.09,13.09,13.00,321799,4195844,164,TWSE_CSV,2026-08-20 14:40:16 +0800
1150819,2026-08-19,上市,00960,野村全球航運龍頭,20.68,-0.0500,20.70,20.74,20.44,438861,9066640,1804,TWSE_CSV,2026-08-20 14:40:16 +0800
1150819,2026-08-19,上市,00961,FT臺灣永續高息,13.05,0.0500,12.90,13.09,12.85,19785443,256480256,4632,TWSE_CSV,2026-08-20 14:40:16 +0800
1150819,2026-08-19,上市,00962,台新AI優息動能,14.94,0.0700,14.65,14.96,14.60,175488,2598101,404,TWSE_CSV,2026-08-20 14:40:16 +0800
1150819,2026-08-19,上市,00963,中信全球高股息,12.99,-0.0200,13.03,13.03,12.98,1252033,16279383,343,TWSE_CSV,2026-08-20 14:40:16 +0800
1150819,2026-08-19,上市,00964,中信亞太高股息,14.46,0.0300,14.33,14.48,14.30,1009697,14558324,270,TWSE_CSV,2026-08-20 14:40:16 +0800
1150819,2026-08-19,上市,00965,元大航太防衛科技,26.52,-0.4300,26.71,26.71,26.43,1198004,31814556,891,TWSE_CSV,2026-08-20 14:40:16 +0800
1150819,2026-08-19,上市,00971,野村美國研發龍頭,17.46,-0.0500,17.51,17.54,17.45,197072,3442172,340,TWSE_CSV,2026-08-20 14:40:16 +0800
1150819,2026-08-19,上市,00972,野村日本動能高息,21.35,-0.3500,21.60,21.60,21.35,95828,2058012,34,TWSE_CSV,2026-08-20 14:40:16 +0800
1150819,2026-08-19,上市,009800,中信NASDAQ,13.02,-0.1600,13.18,13.18,13.02,758787,9914351,690,TWSE_CSV,2026-08-20 14:40:16 +0800
1150819,2026-08-19,上市,009801,中信美國創新科技,11.21,-0.2400,11.22,11.27,10.88,3099328,34501033,709,TWSE_CSV,2026-08-20 14:40:16 +0800
1150819,2026-08-19,上市,009802,富邦旗艦50,18.73,-0.2500,18.50,18.84,18.47,2082411,38941001,1106,TWSE_CSV,2026-08-20 14:40:16 +0800
1150819,2026-08-19,上市,009803,玉山市值動能50,20.95,-0.2000,20.61,21.06,20.61,875467,18300574,869,TWSE_CSV,2026-08-20 14:40:16 +0800
1150819,2026-08-19,上市,009804,聯邦台精彩50,21.86,-0.3900,21.82,21.99,21.70,735188,16067338,454,TWSE_CSV,2026-08-20 14:40:16 +0800
1150819,2026-08-19,上市,009805,台新美國電力基建,15.90,-0.3500,15.94,15.97,15.89,4869979,77511406,2636,TWSE_CSV,2026-08-20 14:40:16 +0800
1150819,2026-08-19,上市,009808,華南永昌優選50,29.70,-0.3900,29.73,29.80,29.69,150967,4487662,76,TWSE_CSV,2026-08-20 14:40:16 +0800
1150819,2026-08-19,上市,009809,富邦淨零ESG50,17.19,-0.1900,17.20,17.23,17.14,43741,751336,151,TWSE_CSV,2026-08-20 14:40:16 +0800
1150819,2026-08-19,上市,00980A,主動野村臺灣優選,23.88,-0.5900,23.87,24.32,23.82,14244116,342886798,5350,TWSE_CSV,2026-08-20 14:40:16 +0800
1150819,2026-08-19,上市,009810,玉山全球藍籌100,21.33,-0.0100,21.40,21.45,21.33,284364,6080225,62,TWSE_CSV,2026-08-20 14:40:16 +0800
1150819,2026-08-19,上市,009811,統一美國50,13.25,-0.0100,13.33,13.33,13.23,559849,7417783,534,TWSE_CSV,2026-08-20 14:40:16 +0800
1150819,2026-08-19,上市,009812,野村日本東證,12.57,-0.4100,12.56,12.72,12.56,560818,7069306,480,TWSE_CSV,2026-08-20 14:40:16 +0800
1150819,2026-08-19,上市,009813,貝萊德標普卓越50,11.25,-0.0600,11.31,11.31,11.25,376435,4244545,482,TWSE_CSV,2026-08-20 14:40:16 +0800
1150819,2026-08-19,上市,009816,凱基台灣TOP50,15.11,-0.2000,15.04,15.17,15.00,115138511,1739511245,35719,TWSE_CSV,2026-08-20 14:40:16 +0800
1150819,2026-08-19,上市,009817,國泰日本不動產,9.02,0.0300,9.02,9.02,9.00,203514,1835219,126,TWSE_CSV,2026-08-20 14:40:16 +0800
1150819,2026-08-19,上市,009818,華南永昌NASDAQxT,19.84,-0.2400,19.96,19.96,19.81,56328,1117955,44,TWSE_CSV,2026-08-20 14:40:16 +0800
1150819,2026-08-19,上市,009819,中信數據及電力,10.02,-0.1900,10.04,10.05,10.00,5118185,51247948,1729,TWSE_CSV,2026-08-20 14:40:16 +0800
1150819,2026-08-19,上市,00981A,主動統一台股增長,29.06,-0.5500,28.65,29.54,28.65,234849451,6839027379,69140,TWSE_CSV,2026-08-20 14:40:16 +0800
1150819,2026-08-19,上市,00981T,平衡凱基雙核收息,11.68,-0.0600,11.71,11.73,11.67,3144925,36785441,942,TWSE_CSV,2026-08-20 14:40:16 +0800
1150819,2026-08-19,上市,009820,元大納斯達克精選,9.85,-0.2400,9.90,9.91,9.84,6663253,65732833,1519,TWSE_CSV,2026-08-20 14:40:16 +0800
1150819,2026-08-19,上市,009821,野村稀土關鍵資源,14.63,-0.3300,14.76,14.76,14.60,4688810,68779268,2172,TWSE_CSV,2026-08-20 14:40:16 +0800
1150819,2026-08-19,上市,009824,群益美國科技巨頭,9.99,-0.1400,10.02,10.05,9.98,3503715,35079526,1607,TWSE_CSV,2026-08-20 14:40:16 +0800
1150819,2026-08-19,上市,009826,貝萊德世界股票,10.12,-0.0600,10.13,10.13,10.10,23735382,240217168,7507,TWSE_CSV,2026-08-20 14:40:16 +0800
1150819,2026-08-19,上市,00982A,主動群益台灣強棒,21.63,-0.5100,21.54,22.03,21.53,27222874,592036684,11659,TWSE_CSV,2026-08-20 14:40:16 +0800
1150819,2026-08-19,上市,00982D,主動富邦動態入息,9.70,0.0300,9.68,9.71,9.68,666459,6455227,107,TWSE_CSV,2026-08-20 14:40:16 +0800
1150819,2026-08-19,上市,00982T,平衡兆豐台美動能,14.90,-0.1000,14.91,14.96,14.90,31772,474211,28,TWSE_CSV,2026-08-20 14:40:16 +0800
1150819,2026-08-19,上市,00983A,主動中信ARK創新,11.70,-0.2200,11.87,11.87,11.70,1782949,20952583,483,TWSE_CSV,2026-08-20 14:40:16 +0800
1150819,2026-08-19,上市,00983D,主動富邦複合收益,9.94,0.0400,9.90,9.94,9.90,503662,4998707,373,TWSE_CSV,2026-08-20 14:40:16 +0800
1150819,2026-08-19,上市,00984A,主動安聯台灣高息,15.18,-0.1400,14.98,15.29,14.98,3628836,55067644,1984,TWSE_CSV,2026-08-20 14:40:16 +0800
1150819,2026-08-19,上市,00984D,主動聯博全球非投,10.06,0.0100,10.05,10.07,10.04,30552519,307173624,2716,TWSE_CSV,2026-08-20 14:40:16 +0800
1150819,2026-08-19,上市,00985A,主動野村台灣50,22.36,-0.2200,22.10,22.48,22.10,3457584,77327893,1421,TWSE_CSV,2026-08-20 14:40:16 +0800
1150819,2026-08-19,上市,00985B,群益ESG投等債0-5,10.25,0.0100,10.24,10.27,10.24,4110699,42148502,379,TWSE_CSV,2026-08-20 14:40:16 +0800
1150819,2026-08-19,上市,00986A,主動台新龍頭成長,14.49,-0.3700,14.70,14.70,14.47,168564,2446821,365,TWSE_CSV,2026-08-20 14:40:16 +0800
1150819,2026-08-19,上市,00987A,主動台新優勢成長,15.69,-0.4000,15.62,16.04,15.59,1706376,26877041,902,TWSE_CSV,2026-08-20 14:40:16 +0800
1150819,2026-08-19,上市,00988A,主動統一全球創新,16.50,-0.8200,16.63,16.82,16.46,61769758,1026416005,24660,TWSE_CSV,2026-08-20 14:40:16 +0800
1150819,2026-08-19,上市,00989A,主動摩根美國科技,16.94,-0.4100,17.14,17.14,16.93,1275566,21656096,399,TWSE_CSV,2026-08-20 14:40:16 +0800
1150819,2026-08-19,上市,00990A,主動元大AI新經濟,15.71,-0.8100,15.85,15.96,15.70,21500051,340011536,8424,TWSE_CSV,2026-08-20 14:40:16 +0800
1150819,2026-08-19,上市,00991A,主動復華未來50,17.71,-0.4300,17.53,18.03,17.51,142664352,2536289849,33541,TWSE_CSV,2026-08-20 14:40:16 +0800
1150819,2026-08-19,上市,00991B,貝萊德A級公司債,14.78,0.0700,14.79,14.80,14.77,641101,9483364,25,TWSE_CSV,2026-08-20 14:40:16 +0800
1150819,2026-08-19,上市,00992A,主動群益科技創新,17.64,-0.3000,17.37,17.81,17.36,41106189,724149166,8956,TWSE_CSV,2026-08-20 14:40:16 +0800
1150819,2026-08-19,上市,00993A,主動安聯台灣,13.14,-0.3100,13.00,13.35,13.00,3147571,41457108,1425,TWSE_CSV,2026-08-20 14:40:16 +0800
1150819,2026-08-19,上市,00994A,主動第一金台股優,16.93,-0.3700,16.78,17.22,16.77,4352881,73930172,1461,TWSE_CSV,2026-08-20 14:40:16 +0800
1150819,2026-08-19,上市,00995A,主動中信台灣卓越,16.89,-0.3300,16.60,17.15,16.60,4132474,69865054,1128,TWSE_CSV,2026-08-20 14:40:16 +0800
1150819,2026-08-19,上市,00996A,主動兆豐台灣豐收,13.62,-0.2800,13.44,13.87,13.44,4502342,61535879,1178,TWSE_CSV,2026-08-20 14:40:16 +0800
1150819,2026-08-19,上市,00997A,主動群益美國增長,11.33,-0.4300,11.48,11.48,11.33,16900713,192570325,5329,TWSE_CSV,2026-08-20 14:40:16 +0800
1150819,2026-08-19,上市,00999A,主動野村臺灣高息,11.17,-0.1300,11.04,11.26,11.04,9658442,107884767,2287,TWSE_CSV,2026-08-20 14:40:16 +0800
1150820,2026-08-20,上櫃,006201,元大富櫃50,43.12,+0.94,43.31,43.31,42.20,197000,8418550,56,TPEX_CSV,2026-08-20 14:40:16 +0800
1150820,2026-08-20,上櫃,00679B,元大美債20年,26.36,+0.38,26.24,26.38,26.24,24166000,636390680,2574,TPEX_CSV,2026-08-20 14:40:16 +0800
1150820,2026-08-20,上櫃,00687B,國泰20年美債,27.43,+0.38,27.34,27.46,27.34,13182000,361303800,1697,TPEX_CSV,2026-08-20 14:40:16 +0800
1150820,2026-08-20,上櫃,00687C,國泰20年美債+櫃U,9.17,+0.13,9.17,9.17,9.17,25000,229250,2,TPEX_CSV,2026-08-20 14:40:16 +0800
1150820,2026-08-20,上櫃,00694B,富邦美債1-3,41.99,+0.01,41.81,42.01,41.81,219000,9185200,39,TPEX_CSV,2026-08-20 14:40:16 +0800
1150820,2026-08-20,上櫃,00695B,富邦美債7-10,35.05,+0.13,34.94,35.06,34.94,164000,5743100,16,TPEX_CSV,2026-08-20 14:40:16 +0800
1150820,2026-08-20,上櫃,00696B,富邦美債20年,28.41,+0.42,28.31,28.43,28.31,1850000,52512440,125,TPEX_CSV,2026-08-20 14:40:16 +0800
1150820,2026-08-20,上櫃,00697B,元大美債7-10,35.64,+0.13,35.57,35.64,35.55,504000,17940740,79,TPEX_CSV,2026-08-20 14:40:16 +0800
1150820,2026-08-20,上櫃,00719B,元大美債1-3,31.25,+0.04,31.21,31.26,31.17,2217000,69198910,391,TPEX_CSV,2026-08-20 14:40:16 +0800
1150820,2026-08-20,上櫃,00720B,元大投資級公司債,32.10,+0.37,31.89,32.13,31.89,5152000,165172420,741,TPEX_CSV,2026-08-20 14:40:16 +0800
1150820,2026-08-20,上櫃,00722B,群益投資級電信債,34.48,+0.44,34.13,34.49,34.13,2711000,93435470,188,TPEX_CSV,2026-08-20 14:40:16 +0800
1150820,2026-08-20,上櫃,00723B,群益投資級科技債,29.64,+0.36,29.56,29.64,29.56,157000,4651180,12,TPEX_CSV,2026-08-20 14:40:16 +0800
1150820,2026-08-20,上櫃,00724B,群益投資級金融債,33.11,+0.32,32.80,33.12,32.80,3658000,121107020,105,TPEX_CSV,2026-08-20 14:40:16 +0800
1150820,2026-08-20,上櫃,00725B,國泰投資級公司債,34.21,+0.36,34.00,34.24,34.00,1949000,66628180,409,TPEX_CSV,2026-08-20 14:40:16 +0800
1150820,2026-08-20,上櫃,00726B,國泰新興投等債,32.50,+0.13,32.51,32.52,32.50,116000,3770310,7,TPEX_CSV,2026-08-20 14:40:16 +0800
1150820,2026-08-20,上櫃,00727B,國泰優選非投等債,39.44,+0.10,39.34,39.48,39.32,205000,8075080,12,TPEX_CSV,2026-08-20 14:40:16 +0800
1150820,2026-08-20,上櫃,00734B,台新JPM新興債,15.55,+0.09,15.55,15.55,15.55,1000,15550,1,TPEX_CSV,2026-08-20 14:40:16 +0800
1150820,2026-08-20,上櫃,00740B,富邦全球投等債,37.60,+0.38,37.36,37.64,37.36,831000,31256880,63,TPEX_CSV,2026-08-20 14:40:16 +0800
1150820,2026-08-20,上櫃,00741B,富邦全球非投等債,37.31,+0.03,37.33,37.33,37.31,107000,3992310,9,TPEX_CSV,2026-08-20 14:40:16 +0800
1150820,2026-08-20,上櫃,00746B,富邦A級公司債,34.78,+0.36,34.53,34.78,34.53,136000,4728270,11,TPEX_CSV,2026-08-20 14:40:16 +0800
1150820,2026-08-20,上櫃,00749B,凱基新興債10+,31.09,+0.35,31.07,31.09,31.07,101000,3140070,3,TPEX_CSV,2026-08-20 14:40:16 +0800
1150820,2026-08-20,上櫃,00750B,凱基科技債10+,31.91,+0.32,31.96,32.13,31.91,160000,5133150,12,TPEX_CSV,2026-08-20 14:40:16 +0800
1150820,2026-08-20,上櫃,00751B,元大AAA至A公司債,30.65,+0.39,30.45,30.67,30.45,4541000,138985110,753,TPEX_CSV,2026-08-20 14:40:16 +0800
1150820,2026-08-20,上櫃,00754B,群益AAA-AA公司債,31.73,+0.46,31.63,31.75,31.62,183000,5799080,15,TPEX_CSV,2026-08-20 14:40:16 +0800
1150820,2026-08-20,上櫃,00755B,群益投資級公用債,31.87,+0.44,31.73,31.87,31.73,115000,3662630,11,TPEX_CSV,2026-08-20 14:40:16 +0800
1150820,2026-08-20,上櫃,00756B,群益投等新興公債,30.59,+0.25,30.60,30.61,30.58,126000,3855460,14,TPEX_CSV,2026-08-20 14:40:16 +0800
1150820,2026-08-20,上櫃,00758B,復華能源債,50.45,+0.60,50.45,50.45,50.45,100000,5045000,2,TPEX_CSV,2026-08-20 14:40:16 +0800
1150820,2026-08-20,上櫃,00759B,復華製藥債,53.25,+0.80,52.95,53.25,52.95,101000,5377950,3,TPEX_CSV,2026-08-20 14:40:16 +0800
1150820,2026-08-20,上櫃,00760B,復華新興企業債,52.75,+0.20,52.70,52.75,52.70,102000,5375500,4,TPEX_CSV,2026-08-20 14:40:16 +0800
1150820,2026-08-20,上櫃,00761B,國泰A級公司債,33.32,+0.39,33.01,33.36,33.01,116000,3867710,18,TPEX_CSV,2026-08-20 14:40:16 +0800
1150820,2026-08-20,上櫃,00764B,群益25年美債,27.33,+0.37,27.26,27.35,27.25,4166000,113866740,120,TPEX_CSV,2026-08-20 14:40:16 +0800
1150820,2026-08-20,上櫃,00768B,復華20年美債,48.53,+0.66,48.37,48.55,48.37,485000,23520730,82,TPEX_CSV,2026-08-20 14:40:16 +0800
1150820,2026-08-20,上櫃,00772B,中信高評級公司債,32.75,+0.39,32.67,32.78,32.67,2292000,74994410,390,TPEX_CSV,2026-08-20 14:40:16 +0800
1150820,2026-08-20,上櫃,00773B,中信優先金融債,35.18,+0.36,35.08,35.20,35.08,1523000,53582890,92,TPEX_CSV,2026-08-20 14:40:16 +0800
1150820,2026-08-20,上櫃,00777B,凱基AAA至A公司債,31.57,+0.49,31.25,31.57,31.25,179000,5633800,24,TPEX_CSV,2026-08-20 14:40:16 +0800
1150820,2026-08-20,上櫃,00778B,凱基金融債20+,33.64,+0.52,33.56,33.64,33.56,107000,3598920,3,TPEX_CSV,2026-08-20 14:40:16 +0800
1150820,2026-08-20,上櫃,00779B,凱基美債25+,27.63,+0.39,27.53,27.63,27.53,316000,8729730,8,TPEX_CSV,2026-08-20 14:40:16 +0800
1150820,2026-08-20,上櫃,00780B,國泰A級金融債,36.76,+0.20,36.69,36.77,36.69,112000,4117830,9,TPEX_CSV,2026-08-20 14:40:16 +0800
1150820,2026-08-20,上櫃,00781B,國泰A級科技債,27.43,+0.36,27.37,27.43,27.37,125000,3428210,11,TPEX_CSV,2026-08-20 14:40:16 +0800
1150820,2026-08-20,上櫃,00782B,國泰A級公用債,29.64,+0.30,29.60,29.64,29.60,398000,11790510,18,TPEX_CSV,2026-08-20 14:40:16 +0800
1150820,2026-08-20,上櫃,00785B,富邦金融投等債,34.35,+0.35,34.38,34.38,34.35,83000,2851080,5,TPEX_CSV,2026-08-20 14:40:16 +0800
1150820,2026-08-20,上櫃,00786B,元大10年IG銀行債,32.46,+0.36,32.44,32.50,32.43,15000,486770,6,TPEX_CSV,2026-08-20 14:40:16 +0800
1150820,2026-08-20,上櫃,00787B,元大10年IG醫療債,31.95,+0.28,31.95,31.95,31.95,1000,31950,1,TPEX_CSV,2026-08-20 14:40:16 +0800
1150820,2026-08-20,上櫃,00788B,元大10年IG電能債,29.35,+0.34,29.35,29.37,29.29,38000,1114460,11,TPEX_CSV,2026-08-20 14:40:16 +0800
1150820,2026-08-20,上櫃,00789B,復華公司債A3,46.41,+0.66,46.34,46.49,46.26,123000,5714420,20,TPEX_CSV,2026-08-20 14:40:16 +0800
1150820,2026-08-20,上櫃,00791B,復華信用債1-5,57.15,+0.15,57.10,57.15,57.10,104000,5938600,4,TPEX_CSV,2026-08-20 14:40:16 +0800
1150820,2026-08-20,上櫃,00792B,群益A級公司債,31.06,+0.43,30.96,31.08,30.96,125000,3882720,8,TPEX_CSV,2026-08-20 14:40:16 +0800
1150820,2026-08-20,上櫃,00793B,群益AAA-A醫療債,30.07,+0.35,29.12,30.07,29.12,85000,2550690,15,TPEX_CSV,2026-08-20 14:40:16 +0800
1150820,2026-08-20,上櫃,00795B,中信美國公債20年,26.19,+0.38,26.13,26.22,26.11,8188000,214400660,684,TPEX_CSV,2026-08-20 14:40:16 +0800
1150820,2026-08-20,上櫃,00799B,國泰A級醫療債,28.77,+0.38,28.71,28.78,28.69,278000,7988680,26,TPEX_CSV,2026-08-20 14:40:16 +0800
1150820,2026-08-20,上櫃,00834B,第一金金融債10+,33.55,+0.42,33.55,33.55,33.55,101000,3388550,3,TPEX_CSV,2026-08-20 14:40:16 +0800
1150820,2026-08-20,上櫃,00836B,永豐10年A公司債,28.07,+0.40,28.05,28.08,28.05,68000,1908390,6,TPEX_CSV,2026-08-20 14:40:16 +0800
1150820,2026-08-20,上櫃,00840B,凱基IG精選15+,29.05,+0.44,29.08,29.08,29.05,101000,2934080,3,TPEX_CSV,2026-08-20 14:40:16 +0800
1150820,2026-08-20,上櫃,00841B,凱基AAA-AA公司債,27.71,+0.49,27.72,27.72,27.71,101000,2798720,3,TPEX_CSV,2026-08-20 14:40:16 +0800
1150820,2026-08-20,上櫃,00842B,台新美元銀行債,29.56,+0.28,29.49,29.56,29.49,149000,4401030,25,TPEX_CSV,2026-08-20 14:40:16 +0800
1150820,2026-08-20,上櫃,00844B,台新15年IG金融債,30.73,+0.38,30.79,30.79,30.73,130000,3997900,32,TPEX_CSV,2026-08-20 14:40:16 +0800
1150820,2026-08-20,上櫃,00845B,富邦新興投等債,32.85,+0.26,32.79,32.86,32.79,153000,5022940,8,TPEX_CSV,2026-08-20 14:40:16 +0800
1150820,2026-08-20,上櫃,00846B,富邦歐洲銀行債,35.58,+0.16,35.50,35.65,35.50,115000,4096880,8,TPEX_CSV,2026-08-20 14:40:16 +0800
1150820,2026-08-20,上櫃,00847B,中信美國市政債,24.90,+0.33,24.65,24.90,24.65,520000,12940450,15,TPEX_CSV,2026-08-20 14:40:16 +0800
1150820,2026-08-20,上櫃,00848B,中信新興亞洲債,33.67,+0.17,33.63,33.68,33.62,530000,17829420,13,TPEX_CSV,2026-08-20 14:40:16 +0800
1150820,2026-08-20,上櫃,00849B,中信EM主權債0-5,37.45,-0.01,37.47,37.47,37.44,507000,18989210,12,TPEX_CSV,2026-08-20 14:40:16 +0800
1150820,2026-08-20,上櫃,00853B,統一美債10年Aa-A,27.00,+0.32,26.79,27.00,26.79,1032000,27846710,41,TPEX_CSV,2026-08-20 14:40:16 +0800
1150820,2026-08-20,上櫃,00856B,永豐1-3年美公債,37.88,+0.10,37.80,37.88,37.80,21000,795000,3,TPEX_CSV,2026-08-20 14:40:16 +0800
1150820,2026-08-20,上櫃,00857B,永豐20年美公債,22.76,+0.29,22.70,22.80,22.70,1215000,27658680,120,TPEX_CSV,2026-08-20 14:40:16 +0800
1150820,2026-08-20,上櫃,00858,永豐美國500大,36.09,+0.26,36.07,36.10,36.02,365000,13166730,63,TPEX_CSV,2026-08-20 14:40:16 +0800
1150820,2026-08-20,上櫃,00859B,群益0-1年美債,41.17,+0.01,41.16,41.20,41.12,3094000,127364180,114,TPEX_CSV,2026-08-20 14:40:16 +0800
1150820,2026-08-20,上櫃,00860B,群益1-5Y投資級債,38.13,+0.09,38.09,38.13,38.09,100000,3811000,4,TPEX_CSV,2026-08-20 14:40:16 +0800
1150820,2026-08-20,上櫃,00862B,中信投資級公司債,30.94,+0.40,30.84,30.94,30.84,532000,16453550,18,TPEX_CSV,2026-08-20 14:40:16 +0800
1150820,2026-08-20,上櫃,00863B,中信全球電信債,31.07,+0.38,30.95,31.07,30.95,502000,15585900,11,TPEX_CSV,2026-08-20 14:40:16 +0800
1150820,2026-08-20,上櫃,00864B,中信美國公債0-1,46.11,+0.03,46.08,46.12,46.05,708000,32627380,145,TPEX_CSV,2026-08-20 14:40:16 +0800
1150820,2026-08-20,上櫃,00867B,台新A-BBB電信債,29.69,+0.35,29.49,29.88,29.49,276000,8203480,59,TPEX_CSV,2026-08-20 14:40:16 +0800
1150820,2026-08-20,上櫃,00870B,元大15年EM主權債,27.70,+0.36,27.62,27.70,27.59,80000,2210800,4,TPEX_CSV,2026-08-20 14:40:16 +0800
1150820,2026-08-20,上櫃,00877,復華中國5G,37.33,+0.12,37.28,37.74,36.94,2261000,84385290,797,TPEX_CSV,2026-08-20 14:40:16 +0800
1150820,2026-08-20,上櫃,00884B,中信低碳新興債,28.94,+0.30,28.92,28.94,28.92,505000,14608700,11,TPEX_CSV,2026-08-20 14:40:16 +0800
1150820,2026-08-20,上櫃,00886,永豐美國科技,46.85,+0.70,46.60,46.85,46.60,4000,187070,3,TPEX_CSV,2026-08-20 14:40:16 +0800
1150820,2026-08-20,上櫃,00887,永豐中國科技50大,16.51,-0.12,16.73,16.74,16.47,4813000,79882120,1242,TPEX_CSV,2026-08-20 14:40:16 +0800
1150820,2026-08-20,上櫃,00888,永豐台灣ESG,32.09,+0.22,32.04,32.22,31.62,3282000,104663450,1389,TPEX_CSV,2026-08-20 14:40:16 +0800
1150820,2026-08-20,上櫃,00890B,凱基ESG BBB債15+,31.42,+0.42,31.06,31.42,31.06,103000,3235720,5,TPEX_CSV,2026-08-20 14:40:16 +0800
1150820,2026-08-20,上櫃,00928,中信上櫃ESG 30,31.86,+0.78,31.50,31.90,31.22,798000,25247900,143,TPEX_CSV,2026-08-20 14:40:16 +0800
1150820,2026-08-20,上櫃,00931B,統一美債20年,13.18,+0.18,13.14,13.20,13.14,4391000,57853240,291,TPEX_CSV,2026-08-20 14:40:16 +0800
1150820,2026-08-20,上櫃,00933B,國泰10Y+金融債,15.75,+0.15,15.70,15.75,15.70,4402000,69241440,692,TPEX_CSV,2026-08-20 14:40:16 +0800
1150820,2026-08-20,上櫃,00937B,群益ESG投等債20+,14.42,+0.18,14.39,14.44,14.38,47821000,688800040,4452,TPEX_CSV,2026-08-20 14:40:16 +0800
1150820,2026-08-20,上櫃,00942B,台新美A公司債20+,13.87,+0.19,13.80,13.88,13.80,606000,8398360,40,TPEX_CSV,2026-08-20 14:40:16 +0800
1150820,2026-08-20,上櫃,00948B,中信優息投資級債,9.21,+0.12,9.19,9.22,9.18,2695000,24800900,254,TPEX_CSV,2026-08-20 14:40:16 +0800
1150820,2026-08-20,上櫃,00950B,凱基A級公司債,13.79,+0.15,13.71,13.80,13.71,1935000,26644060,210,TPEX_CSV,2026-08-20 14:40:16 +0800
1150820,2026-08-20,上櫃,00955,中信日本商社,15.18,+0.23,15.07,15.25,15.07,4108000,62352740,575,TPEX_CSV,2026-08-20 14:40:16 +0800
1150820,2026-08-20,上櫃,00957B,兆豐US優選投等債,13.06,+0.16,12.95,13.08,12.95,153000,1995930,62,TPEX_CSV,2026-08-20 14:40:16 +0800
1150820,2026-08-20,上櫃,00958B,永豐ESG銀行債15+,9.15,+0.10,9.14,9.15,9.13,49000,447830,14,TPEX_CSV,2026-08-20 14:40:16 +0800
1150820,2026-08-20,上櫃,00959B,大華投等美債15Y+,9.19,+0.07,9.14,9.20,9.14,1512000,13890240,103,TPEX_CSV,2026-08-20 14:40:16 +0800
1150820,2026-08-20,上櫃,00966B,統一ESG投等債15+,13.59,+0.14,13.52,13.62,13.52,1738000,23622450,44,TPEX_CSV,2026-08-20 14:40:16 +0800
1150820,2026-08-20,上櫃,00967B,元大優息美債,9.02,+0.08,9.00,9.02,9.00,352000,3169420,40,TPEX_CSV,2026-08-20 14:40:16 +0800
1150820,2026-08-20,上櫃,00968B,元大優息投等債,9.09,+0.11,9.07,9.09,9.06,2022000,18334940,131,TPEX_CSV,2026-08-20 14:40:16 +0800
1150820,2026-08-20,上櫃,00969B,元大零息超長美債,8.06,+0.18,8.00,8.08,8.00,1065000,8576870,122,TPEX_CSV,2026-08-20 14:40:16 +0800
1150820,2026-08-20,上櫃,00970B,台新BBB投等債20+,9.10,+0.10,9.09,9.12,9.08,838000,7622340,283,TPEX_CSV,2026-08-20 14:40:16 +0800
1150820,2026-08-20,上櫃,009806,台新標普500,13.71,+0.06,13.69,13.71,13.69,4000,54810,4,TPEX_CSV,2026-08-20 14:40:16 +0800
1150820,2026-08-20,上櫃,009807,台新標普科技精選,16.82,-0.04,16.77,16.82,16.77,105000,1765970,6,TPEX_CSV,2026-08-20 14:40:16 +0800
1150820,2026-08-20,上櫃,00980B,台新特選IG債10+,9.25,+0.11,9.23,9.25,9.23,44000,406150,6,TPEX_CSV,2026-08-20 14:40:16 +0800
1150820,2026-08-20,上櫃,00980D,主動聯博投等入息,20.19,+0.08,20.14,20.19,20.14,520000,10490140,63,TPEX_CSV,2026-08-20 14:40:16 +0800
1150820,2026-08-20,上櫃,00980T,平衡凱基美國TOP,11.79,+0.06,11.90,11.90,11.79,22000,259620,13,TPEX_CSV,2026-08-20 14:40:16 +0800
1150820,2026-08-20,上櫃,009814,富邦標普500,11.45,+0.05,11.40,11.46,11.40,196000,2241420,89,TPEX_CSV,2026-08-20 14:40:16 +0800
1150820,2026-08-20,上櫃,009815,大華美國MAG7+,11.43,+0.07,11.45,11.47,11.42,931000,10648780,205,TPEX_CSV,2026-08-20 14:40:16 +0800
1150820,2026-08-20,上櫃,00981B,第一金優選非投債,9.20,除息,9.20,9.21,9.19,14488000,133284560,1450,TPEX_CSV,2026-08-20 14:40:16 +0800
1150820,2026-08-20,上櫃,00981D,主動中信非投等債,10.35,+0.01,10.35,10.36,10.33,3870000,40044380,447,TPEX_CSV,2026-08-20 14:40:16 +0800
1150820,2026-08-20,上櫃,009822,華南永昌未來金融,9.57,+0.31,9.55,9.57,9.51,845000,8065400,103,TPEX_CSV,2026-08-20 14:40:16 +0800
1150820,2026-08-20,上櫃,009823,群益S&P500,10.53,+0.06,10.49,10.53,10.49,1735000,18222440,431,TPEX_CSV,2026-08-20 14:40:16 +0800
1150820,2026-08-20,上櫃,009825,聯邦美國金融創新,10.13,+0.16,10.10,10.15,10.08,1508000,15232850,96,TPEX_CSV,2026-08-20 14:40:16 +0800
1150820,2026-08-20,上櫃,00982B,FT投資級債20+,9.55,+0.11,9.56,9.56,9.55,3000,28660,2,TPEX_CSV,2026-08-20 14:40:16 +0800
1150820,2026-08-20,上櫃,00983B,大華優利美公債20,15.33,+0.21,15.28,15.34,15.28,30000,459110,15,TPEX_CSV,2026-08-20 14:40:16 +0800
1150820,2026-08-20,上櫃,00984B,大華優利美A債15,15.94,+0.19,15.90,15.95,15.90,1097000,17472280,114,TPEX_CSV,2026-08-20 14:40:16 +0800
1150820,2026-08-20,上櫃,00985D,主動貝萊德優投等,9.89,+0.08,9.88,9.90,9.86,1182000,11682250,95,TPEX_CSV,2026-08-20 14:40:16 +0800
1150820,2026-08-20,上櫃,00986B,FT金融債10+,9.80,+0.19,9.80,9.80,9.80,1000,9800,1,TPEX_CSV,2026-08-20 14:40:16 +0800
1150820,2026-08-20,上櫃,00986D,主動復華金融債息,14.52,+0.08,14.44,14.52,14.44,564000,8167710,75,TPEX_CSV,2026-08-20 14:40:16 +0800
1150820,2026-08-20,上櫃,00987B,野村10+澳洲公債,16.00,+0.17,16.17,16.17,15.96,2123000,33957450,50,TPEX_CSV,2026-08-20 14:40:16 +0800
1150820,2026-08-20,上櫃,00988B,玉山嚴選非投債,19.64,+0.03,19.68,19.68,19.61,1595000,31306030,245,TPEX_CSV,2026-08-20 14:40:16 +0800
1150820,2026-08-20,上櫃,00989B,台新美國非投等債,10.12,+0.02,10.12,10.12,10.09,600000,6063790,107,TPEX_CSV,2026-08-20 14:40:16 +0800
1150820,2026-08-20,上櫃,00990B,國泰收益非投等債,10.00,+0.01,9.99,10.00,9.98,1101000,11005010,56,TPEX_CSV,2026-08-20 14:40:16 +0800
1150820,2026-08-20,上櫃,00998A,主動復華金融股息,17.83,-0.21,17.96,17.96,17.82,4516000,80627450,1383,TPEX_CSV,2026-08-20 14:40:16 +0800
